Barcode Sequence	Gene Symbol	Gene ID
AAAAATGTAGAAGATTTCAC	SPCS3	SPCS3
AAAACAATCCGTTGCGCGAC	NO_SITE_1	NO_SITE_1
AAAACACATCCTGCTCTAGG	GMPPA	GMPPA
AAAAGCACCACGGTCAGATG	TMEM258	TMEM258
AAAAGCAGATGAATAGCGCC	TUSC3	TUSC3
AAAAGTACTTACATGGACCA	HGSNAT	HGSNAT
AAAATCCTAGAATTGATTCG	UGGT1	UGGT1
AAAATGCCAGTGACCCTAGG	ALG6	ALG6
AAAATGCTTACCATGATCCG	IDS	IDS
AAAATGGCAAGAGAATTACT	MBTPS2	MBTPS2
AAAATTGCCATCTCTACCTG	NPM1	NPM1
AAACACATAAGGCACAGCTG	PTCD3	PTCD3
AAACCAACCTCACCTTCCCA	HSPA8	HSPA8
AAACCATATAGAAATGAGGT	YEATS4	YEATS4
AAACCTGAGTGGTAACAACC	CALCOCO2	CALCOCO2
AAACGGAATGTGGACTCGAG	SAFB	SAFB
AAACGTTATACGACCGACGA	NO_SITE_2	NO_SITE_2
AAACTCGCGGACGACAATGT	CLDN5	CLDN5
AAACTCGTCGACATCGGAGT	CHST12	CHST12
AAACTTACCGAATCTTCAGG	UGP2	UGP2
AAAGAACCTACAGAGAACTG	MAPK14	MAPK14
AAAGAATGGTTAGAAGATAA	SSB	SSB
AAAGACCCAACCATCAAGCT	B4GALT5	B4GALT5
AAAGACGCGTAGGTTGTACC	ONE_INTERGENIC_SITE_1	ONE_INTERGENIC_SITE_1
AAAGAGACATCCTACTTGTG	VPS8	VPS8
AAAGAGTTACAATACTACGT	NPC1	NPC1
AAAGAGTTCATTAAAACAAG	UGP2	UGP2
AAAGATATAATAAAGATGCT	MRPL30	MRPL30
AAAGATCCAAAAGCTGACTG	PARP16	PARP16
AAAGATCTTACCTTACTAGG	UST	UST
AAAGCAAGTTCGAGTACGTG	THG1L	THG1L
AAAGCACAGGAACGGACGTC	ONE_INTERGENIC_SITE_2	ONE_INTERGENIC_SITE_2
AAAGCACATGAAGCCGAGCG	RNASEH1	RNASEH1
AAAGCCCGTAGCCATATGAG	FURIN	FURIN
AAAGCTATTTATCGCGTCGT	NO_SITE_3	NO_SITE_3
AAAGGCTTTGAGAAGGACGT	ST3GAL3	ST3GAL3
AAAGGTGGACCACTCCCGGT	NEU2	NEU2
AAAGGTTCTGAATCAAACGG	ATP6V0A1	ATP6V0A1
AAAGTAATGACCGATGAAAG	PABPC3	PABPC3
AAAGTACTCGAAGAAGTCCG	MGAT1	MGAT1
AAAGTATAAGATGGTCCTTG	CENPE	CENPE
AAATACAGCTTCGAAATAGG	ST6GALNAC1	ST6GALNAC1
AAATAGCTACGGTGAACCCG	DNM1L	DNM1L
AAATATAATAAGGCTGAGTG	MAN2A1	MAN2A1
AAATATCGACCGGCGTTCGA	NO_SITE_4	NO_SITE_4
AAATATCTGAATGTTATGGG	GCNT4	GCNT4
AAATATGCTAGAGTGCCTTG	EDEM3	EDEM3
AAATCAACCTAATTAAGGTA	RPS12	RPS12
AAATCCTCTCTCGCAACAAG	VAC14	VAC14
AAATCCTTCACGTGAAATTG	CANX	CANX
AAATCGAGACTTCGCCACGT	UVRAG	UVRAG
AAATCGGGCACGGGTAATGG	HSPA8	HSPA8
AAATCTGCACAAAGTGATTG	EXTL2	EXTL2
AAATGAAATATAAATCGGAG	XRCC5	XRCC5
AAATGAACCTCGGTAACACG	EXTL3	EXTL3
AAATGGATAGACTTCGTCAG	SSB	SSB
AAATGGGATAACATTGCCGG	HNRNPH1	HNRNPH1
AAATGTCCTCATCCGATGAG	NEU1	NEU1
AAATTCATATGTCCCTCGTG	TFRC	TFRC
AAATTTGCGGAGAAATTCAG	EEF1G	EEF1G
AACAAGAAATCCAAACAGAT	ASIP	ASIP
AACACTAATTACGCGCGATA	NO_SITE_5	NO_SITE_5
AACAGAACAGTCCACAACCA	CENPE	CENPE
AACATCGTCAAGGTGGCCCG	VAC14	VAC14
AACATGGTATCCTCTGTACA	RLF	RLF
AACATTCCAGTTGCAACCGT	SLCO1B3	SLCO1B3
AACATTCCAGTTGCAACCGT	SLCO1B3-SLCO1B7	SLCO1B3-SLCO1B7
AACCAAAAGTTGATAGAAAC	ENY2	ENY2
AACCAAGCGAGGGTCCCCGG	EXTL3	EXTL3
AACCCAGGGGAAGTTACACG	PPFIA1	PPFIA1
AACCCCTATCACAATGAGCC	UBE2Z	UBE2Z
AACCTAGCCTTTAAGCAACC	VPS26A	VPS26A
AACCTATCAGGTGATCCCTG	EIF3L	EIF3L
AACCTTATCCTGTGACCCGG	DCP1A	DCP1A
AACGCACTGGAATCTCTATG	HSPB3	HSPB3
AACGGTATCATCTGAATTGG	ARMCX3	ARMCX3
AACTCGGGGGGAAGTTGACG	PARP1	PARP1
AACTGCTCGCAGAAAGAAGA	BTF3	BTF3
AACTGCTGTGCCCAGTTACG	TMEM258	TMEM258
AACTGTTCAGGGGTCACCCG	GCNT3	GCNT3
AACTGTTGAGACCCTTACGG	PIGV	PIGV
AACTTACCTACAAACAACGC	INTS12	INTS12
AACTTGGAGAAGCTGTCGAG	RAI1	RAI1
AACTTTACACTGAAGCACGT	PPIF	PPIF
AAGAAAGACACCCAAGTCGT	STT3B	STT3B
AAGAAATTTGTAGAGACCCC	SSB	SSB
AAGAAGCGCGCAGTGAACTG	FUCA1	FUCA1
AAGAAGTTCATTATCACACA	PIGF	PIGF
AAGAATCACAGTTTCGTGAA	YLPM1	YLPM1
AAGACCACGAGAGAAAAAGT	DPM1	DPM1
AAGACGACCCAAGGAAATGG	ST6GALNAC1	ST6GALNAC1
AAGACGCGTAAAGCGCCCGT	NO_SITE_6	NO_SITE_6
AAGACTGCCCTCATCCACGA	RPS12	RPS12
AAGAGAAAGTTCCTGTCGCG	CHSY1	CHSY1
AAGAGACAGATACTTACAGG	XPOT	XPOT
AAGAGATGCACAGTGATCGG	NSDHL	NSDHL
AAGAGGCTGCCTGATAAGCT	HYAL3	HYAL3
AAGAGTCGGGAAAAGACTTG	ALG8	ALG8
AAGATCAAACCACAAACCAG	ZNF555	ZNF555
AAGATCTGGCGGCGTGCCGG	PTK6	PTK6
AAGATGACACAAGTGTTGGT	DOLK	DOLK
AAGATGCCCAAGTCGCGATG	GANAB	GANAB
AAGCACCTCTTAGTCTCATG	PPFIA1	PPFIA1
AAGCCATCCGATGCACTCTG	ST3GAL3	ST3GAL3
AAGCGAGTGATAGTCTTGAG	CNNM4	CNNM4
AAGCGCTAGTACGCGGTTTA	NO_SITE_7	NO_SITE_7
AAGCGCTTATTACGCGCAGT	NO_SITE_8	NO_SITE_8
AAGCGGACATCACTTATGAG	GOPC	GOPC
AAGCGTAATACGCGCGTCAC	NO_SITE_9	NO_SITE_9
AAGCTCAACATCAAAAACCG	SSRP1	SSRP1
AAGCTGTCGAAGCTTTGCAG	MAFB	MAFB
AAGGAAAGATTCATGAACCA	USP16	USP16
AAGGACCAAAACACACCCAG	RFT1	RFT1
AAGGATTCGAATGCGCCAAG	WWTR1	WWTR1
AAGGATTTAAGAGATAGCTG	PIGU	PIGU
AAGGCCACCAGAAGATTACG	MMS19	MMS19
AAGGCCGAGGATAAGGAGGT	RPS2	RPS2
AAGGGCCCCGCATACACCGG	TOMM20	TOMM20
AAGGGGACCAGCATAATTTG	MAGT1	MAGT1
AAGGTCGCGGCGTTCGTATA	NO_SITE_10	NO_SITE_10
AAGGTGGTACGTGACGATGG	STT3A	STT3A
AAGTAAAATAGTATGTCGAG	EXOC2	EXOC2
AAGTAAGTTCATGACTCACG	THG1L	THG1L
AAGTAGGAAATCCATAGTGT	NFKB1	NFKB1
AAGTCATAGACCGAAGAGTG	GMPS	GMPS
AAGTCTGAGGAGGTTCTACG	MDN1	MDN1
AAGTGAGGACTACCTACACA	NIPBL	NIPBL
AAGTGCACGGAGTCTCACAC	FURIN	FURIN
AAGTGGGATTTGCCTTCTCG	HSPB3	HSPB3
AAGTGTAAATGAACACACAG	ANKRD17	ANKRD17
AAGTGTACCGGAATTGACGG	PIGM	PIGM
AAGTTCACCTGAGCTCCAGG	PDZD11	PDZD11
AAGTTCCTGAACATTCCATG	POLR1A	POLR1A
AATAATACTTACTCAGTGCA	MRPL13	MRPL13
AATACATGTTTCTCGTCCAG	DSE	DSE
AATACCAAGAAAGCCCCACT	PARP2	PARP2
AATACGCGTGCCTCCTCACA	CHSY1	CHSY1
AATACTAACCTTGAACCGAC	STAG2	STAG2
AATACTTCCTGAATACATGT	GCNT3	GCNT3
AATAGAAGAAAAACTCATCG	ARGLU1	ARGLU1
AATAGACCCTGAGACACAAA	CNEP1R1	CNEP1R1
AATATCAGTTTCTCTCCAAG	CSGALNACT2	CSGALNACT2
AATATTGCTGGATCAAACCA	GMPS	GMPS
AATCAGAAGGAACCGTGTGG	DSE	DSE
AATCCGTGAGACACACCCCT	HS6ST2	HS6ST2
AATCCTAGGCGCGACGAATA	NO_SITE_11	NO_SITE_11
AATCCTGAGGTGGACGGTCA	GALNT3	GALNT3
AATCGCAATATCTCGCGACA	NO_SITE_12	NO_SITE_12
AATCGGATATAACATCATCC	GBA	GBA
AATCTTACCTAATATATACA	VPS8	VPS8
AATGCTGGAAGTTATAAGCA	PGAP1	PGAP1
AATGGAAAACAAATTTACGT	PABPC3	PABPC3
AATGGCAAGGAACCATCCCG	HSPA5	HSPA5
AATGTCCGCGTATCGACCGA	NO_SITE_13	NO_SITE_13
AATGTCTGATCACAGATACG	HNRNPH1	HNRNPH1
AATTACCAACATAGAACTCG	PIGK	PIGK
AATTCAATGAAAGTACCCCT	PMM2	PMM2
AATTCTCAAGGGTACGAGTC	ONE_INTERGENIC_SITE_3	ONE_INTERGENIC_SITE_3
AATTGCAGAAATGTAAGACG	SLC17A3	SLC17A3
AATTGGCGCTATGCTACTGG	FUT8	FUT8
AATTGGTGTGTTGATATACA	TFRC	TFRC
AATTTAAAAAGCGCCCTCGG	GCNT1	GCNT1
AATTTGATTATAGGTTAAGC	SKA1	SKA1
ACAAAAATGCCAATGCCGAT	TMEM30A	TMEM30A
ACAAGTCCGACTCACCTGTG	HEXA	HEXA
ACAATACCGATCTCGCGTTA	NO_SITE_14	NO_SITE_14
ACAATCCGGTCGCGTACGCA	NO_SITE_15	NO_SITE_15
ACAATCGCCGATTCGTACGG	NO_SITE_16	NO_SITE_16
ACAATGGTGCATATGCCCTG	PIGO	PIGO
ACACACGTACAGTCCCATCC	RRP9	RRP9
ACACAGAGTAGCTCTCCTTG	H2BC14	H2BC14
ACACCACCTCCTGTTGAACC	EIF5B	EIF5B
ACACCACTGTCACTCGAGCG	ATIC	ATIC
ACACCCTGGCCTATCCATTG	HMGB2	HMGB2
ACACCTGGTTGGATAGTCAG	XYLT2	XYLT2
ACACGCGTACGAACGTTACT	NO_SITE_17	NO_SITE_17
ACACGGAGTGCTGAGCGGTG	MAFB	MAFB
ACACGTTACTGTTGATGACT	ENY2	ENY2
ACACTACAAGACACTGATAG	HNRNPR	HNRNPR
ACACTATGGACCTTGAAACT	THOC6	THOC6
ACACTGCCTGCATATGTCAC	TNFRSF9	TNFRSF9
ACACTTCAAGAATTAGATCA	LARP4	LARP4
ACACTTGCCCTCTCTACCAA	SNX24	SNX24
ACAGAAGGATTACCTAGTGC	RNPS1	RNPS1
ACAGAATACATAGGGACCCG	ZBTB38	ZBTB38
ACAGAGATGTGCCAGACACA	GALNT11	GALNT11
ACAGAGCAAAAAATGACCAG	PDIA3	PDIA3
ACAGATCATACATCTGTCGG	MAN1A2	MAN1A2
ACAGATCATTGGGCCACTGG	UGGT1	UGGT1
ACAGATGATTCTTGTCAAGG	COG7	COG7
ACAGATTGGGATACTATCCG	HYAL4	HYAL4
ACAGCAAGCCAGTGAACCTG	RAC2	RAC2
ACAGCAATACCATGTGAACC	PIGB	PIGB
ACAGCCAAGGGTAAATATGG	FUT8	FUT8
ACAGCCCACCAGCAATCATG	GALNT2	GALNT2
ACAGCCTTACCTCTGCGTCA	HOMER2	HOMER2
ACAGCGGACTCGGTCCAGAG	CAMLG	CAMLG
ACAGCGTGCTCAGCATACGT	THOC7	THOC7
ACAGCTAATTTGACCAACCA	SLCO1B3	SLCO1B3
ACAGCTAATTTGACCAACCA	SLCO1B3-SLCO1B7	SLCO1B3-SLCO1B7
ACAGGAGTAACTGTGAATGG	SPAM1	SPAM1
ACAGTGCATAAAGCAGTACA	SLC35A1	SLC35A1
ACAGTTCTCCCTACATGACG	WDR81	WDR81
ACATAAAGCCATAGACTGCG	PIGU	PIGU
ACATACCAAGAGAATCACCC	DPM2	DPM2
ACATACTCTAAGTCAGGCAG	RAD21	RAD21
ACATAGTGTGGATATAGATG	CMAS	CMAS
ACATCTGAATAAACGCTACG	GALNT8	GALNT8
ACATCTGGTACACGGTATCG	GANAB	GANAB
ACATGATGCAGGACTACGTG	CARM1	CARM1
ACATGGCCACGAGCAACAGT	MON1B	MON1B
ACATGTGGGACTATTCTCAG	MON1B	MON1B
ACATTGCATTCATAATGGAC	DHDDS	DHDDS
ACATTTAACGATCAGAAACG	TNFRSF9	TNFRSF9
ACCAACCGTTAGTACGACGT	NO_SITE_18	NO_SITE_18
ACCAAGGCGTCGAAATTCTG	NAA20	NAA20
ACCACAGTTTCTTAATGATA	SKA1	SKA1
ACCACCAGAAATCCTACCAG	CTIF	CTIF
ACCACGAGCAAAGTTGACAA	SSRP1	SSRP1
ACCACTATCACTGTCAATGT	SECISBP2L	SECISBP2L
ACCAGAAAACAATACCCATG	PGAP1	PGAP1
ACCAGCGTGGAGCAAGACAG	GUSB	GUSB
ACCAGGATCATAACACCCAG	MDN1	MDN1
ACCAGTTCATGTAATTCGAA	GALNT1	GALNT1
ACCATACGCAGTAGTCATCG	PRMT7	PRMT7
ACCCACAAGTCTGTCGAGGG	NDST4	NDST4
ACCCACAGGGAAATAAAAGG	DERL1	DERL1
ACCCACTAGATCTCCGATCT	ONE_INTERGENIC_SITE_4	ONE_INTERGENIC_SITE_4
ACCCCCAAGTGCGAGATCGT	XYLT2	XYLT2
ACCCCCAGTGGCACTAACGT	SEC61B	SEC61B
ACCCCCGAGTGTGAACACTG	TRMT1	TRMT1
ACCCGCCGATTTAACGAGCG	NO_SITE_19	NO_SITE_19
ACCCTGATGGGACGTACACT	TIGIT	TIGIT
ACCGAATATTTGTTCTGTCG	DPM1	DPM1
ACCGACAGGATCTTCCGCCG	CHST1	CHST1
ACCGAGACCACGATCGAGAG	ZC3H13	ZC3H13
ACCTACAATACCTCGCCCAC	NAA20	NAA20
ACCTATCGAAGGCCTTCACG	SNRPD2	SNRPD2
ACCTATTACGGATTCGTACG	NO_SITE_20	NO_SITE_20
ACCTCCTTCTCAATGGACGT	GMPPB	GMPPB
ACCTCTCCGGACACCAATGG	IRF3	IRF3
ACCTGACCTGAGGGTCACGT	B3GNT2	B3GNT2
ACCTGATGTTCTACTGCACG	ALG12	ALG12
ACCTGCCTCACAGTGCAGGG	RPS5	RPS5
ACCTGGAGCACAATGCACGT	HDAC3	HDAC3
ACCTGGCAGCTAGTTGTCAG	DSE	DSE
ACCTGGCTCAGGGTGCATCG	MARCO	MARCO
ACCTGGTGTGGACCCACGCG	USP22	USP22
ACCTGTACCAATCCAGCCCG	HS3ST2	HS3ST2
ACGAAAAAATCGCCAAGGTA	THOC7	THOC7
ACGAACGCGTCGATTCGACC	NO_SITE_21	NO_SITE_21
ACGACCAGTGCTTCAATCGC	TRIAP1	TRIAP1
ACGAGAAGTTCTCCGAAGGG	ARGLU1	ARGLU1
ACGAGCATCGATGCACACAA	VRK1	VRK1
ACGAGTAGGAACTTTCCCCG	ATOH8	ATOH8
ACGCATAGACAATTTCAGTG	PPP1R15B	PPP1R15B
ACGGACGGTCCGATACGACT	NO_SITE_22	NO_SITE_22
ACGGAGACTCGTCATCACCG	DCAF4	DCAF4
ACGGAGCAGGGTACACTCGA	RC3H1	RC3H1
ACGGCCGAGAACTTTAGGTA	PPIH	PPIH
ACGGTACCGCGACCTGATCG	COG1	COG1
ACGGTGTAGTGTGACGTCCA	ARFGEF2	ARFGEF2
ACGTATACGTCGAGACCGCG	NO_SITE_23	NO_SITE_23
ACGTATCGTACGATGATCGC	NO_SITE_24	NO_SITE_24
ACGTCGCAGGAAACCCCGGT	YBX3	YBX3
ACGTCGTTGCATATGTGTGA	HS6ST1	HS6ST1
ACGTGATGTCTCGAAGAGAA	HGSNAT	HGSNAT
ACGTGGGTCCAGGCTGAACG	GALNT15	GALNT15
ACGTTGTGGACGTTTACCAG	MGAT4B	MGAT4B
ACGTTTAACGCGCGATCGTT	NO_SITE_25	NO_SITE_25
ACTAAGCAGATGTCGATCGG	THOC6	THOC6
ACTACAGTCAAGGGCGTCAG	MPDU1	MPDU1
ACTACCTATACGTACCGAAA	ONE_INTERGENIC_SITE_5	ONE_INTERGENIC_SITE_5
ACTATCGTACCGATCCGGAC	NO_SITE_26	NO_SITE_26
ACTCACCCGGAATGTGACAA	RNPS1	RNPS1
ACTCACGTCGTCGACGAACG	NO_SITE_27	NO_SITE_27
ACTCACTCAAAAGGGTCGCT	GALNTL6	GALNTL6
ACTCCATAGTCTGCGTAGCA	MGAT5	MGAT5
ACTCCCATTTGGATGCACAA	HNRNPF	HNRNPF
ACTCGCGCGTTCGTACGATT	NO_SITE_28	NO_SITE_28
ACTCTCACGTACACGCCGTC	SNAPIN	SNAPIN
ACTCTTCAGATTTCTATCGA	TAMM41	TAMM41
ACTGAAAGGTAACTCACACA	ADAMTS9	ADAMTS9
ACTGAAATCTGTAAGCAGGT	SBDS	SBDS
ACTGACCAACTGTCATCCCG	NEU4	NEU4
ACTGACCGAGATATGTAGCC	STT3B	STT3B
ACTGAGAACGCACATAACCC	CD207	CD207
ACTGAGACCGCCTTTCACAT	EXOC2	EXOC2
ACTGCACAATATCATATGCA	HSPA4	HSPA4
ACTGCAGTGAAACAATTCCA	KLF5	KLF5
ACTGCCTAACGGTTCGTACT	NO_SITE_29	NO_SITE_29
ACTGCCTGGGCCAACCATCG	HSPB3	HSPB3
ACTGCGAAGTGAACACCGAG	GALNT16	GALNT16
ACTGCGTTGGAACACCGTCA	B3GNT7	B3GNT7
ACTGCTCCCTAGGCACCGAG	ALDH1L1	ALDH1L1
ACTGCTGGTAGCGCTTGAAG	TRIAP1	TRIAP1
ACTGGAAGCACGAATGACAG	NFKB1	NFKB1
ACTGGCACGCTCTATAGCCA	HSPD1	HSPD1
ACTGGCTCTCTACAAATACT	NDST3	NDST3
ACTGGGGCTGCTGTTAACTG	YLPM1	YLPM1
ACTGGTTTAAGCCAGTTCAC	TMEM30A	TMEM30A
ACTGTATATTCAGCAATGCT	DNAJC3	DNAJC3
ACTGTGCTTGAGTTTGAATG	LARP4	LARP4
ACTGTGGCGTGATGGCCGCG	GAPDH	GAPDH
ACTGTTCTACTCAGCCTCTG	PIGY	PIGY
ACTTACATTACCAATCAAGC	STIP1	STIP1
ACTTACCTGTAGTCTGCCTG	MRPL30	MRPL30
ACTTACGCACGACGTCGTTC	NO_SITE_30	NO_SITE_30
ACTTCCTACGGCGATCATGG	SEH1L	SEH1L
ACTTCTTGGCAGTCTTACAG	EIF3L	EIF3L
ACTTGACGGCCGGACGTAAT	NO_SITE_31	NO_SITE_31
ACTTGCCACAAGTCTTGACG	TRAF2	TRAF2
ACTTGCCATTACCTCGCAGA	PIGH	PIGH
ACTTGTGCTTCAGGTTCCAA	MRPS18A	MRPS18A
AGAAAAACTAGACTATCACC	GALNTL5	GALNTL5
AGAAAACCAGAAGCTCGGAC	EDEM3	EDEM3
AGAAAACTACCATTATGGGG	CINP	CINP
AGAAAAGCATGCGTACGCGT	ONE_INTERGENIC_SITE_6	ONE_INTERGENIC_SITE_6
AGAAACAGACCAGAAATGGT	FUT8	FUT8
AGAAACCAGCAAATGTCCTG	ALG11	ALG11
AGAAAGACAGCAAACACCTG	G3BP1	G3BP1
AGAAATAATCCTCAAGCCGC	ST3GAL4	ST3GAL4
AGAAATGTACACGACTCATG	CHSY3	CHSY3
AGAACCACTCGACCTCACTG	MGAT5B	MGAT5B
AGAACCAGATCCAGAAGTCA	HNRNPR	HNRNPR
AGAACCTGAGGACCCAGTCA	ALG1	ALG1
AGAACCTGCCGCTCATCGTG	DPM1	DPM1
AGAACGAGACCAGATAGACC	STX18	STX18
AGAACTCTCTTGCTTCGCGG	MBTPS1	MBTPS1
AGAACTGTGCCGCATAAATG	SNAPIN	SNAPIN
AGAAGAGACAGTCTTTCGAG	ENGASE	ENGASE
AGAAGAGCCAAGTCTCGCGG	HS6ST1	HS6ST1
AGAAGAGCCAAGTCTCGCGG	HS6ST1P1	HS6ST1P1
AGAAGCCGCATCATATGATG	POLR1A	POLR1A
AGAAGGTTCCGAGATCAGGT	P4HB	P4HB
AGAATCTTGTCGGAGAAGCA	UST	UST
AGAATTCCAGAAGATTGCCA	SEC61G	SEC61G
AGACAACGTACATTCCGGGG	YBX3	YBX3
AGACATCGGGAAACGGCTCG	FURIN	FURIN
AGACCAAGAATGGCATTGCA	YTHDF2	YTHDF2
AGACCAAGTGACCTACAGTG	MRC2	MRC2
AGACCACTCTAAGTCACCGG	MED24	MED24
AGACCCCACATACATGACCA	TLE3	TLE3
AGACCGGTCGATAACGAATA	NO_SITE_32	NO_SITE_32
AGACCGTCGTCGATCGATAC	NO_SITE_33	NO_SITE_33
AGACTAGGAAGGCCACAGCG	DOLPP1	DOLPP1
AGACTCACGTGACAAAGATG	ALAD	ALAD
AGAGAACATCCTCTACACTG	SHROOM2	SHROOM2
AGAGAACATGGATCTTCCAC	ST3GAL2	ST3GAL2
AGAGAATGTAAGATTTCAAG	EDEM1	EDEM1
AGAGAGAAATACCAGAGCCA	SEC61A1	SEC61A1
AGAGCATTAGGACCAAGGCT	ST6GAL1	ST6GAL1
AGAGCCTCGCGCGTCACCTG	ZNF787	ZNF787
AGAGGAAAGTAAGAAGCCGG	THOC6	THOC6
AGAGGGTGTTCTATCAACAT	UBR2	UBR2
AGAGGTGCACGGTCCCATTG	TNFRSF1A	TNFRSF1A
AGAGTCCAGTGGTCATTCAG	TAF6L	TAF6L
AGAGTGCATACTCACAGCTG	NDST2	NDST2
AGAGTGTGGTTTATGCATCG	GCNT1	GCNT1
AGAGTTTGGGGAGCATTACG	HEXB	HEXB
AGATAACTACTTTCGGAGTG	RALB	RALB
AGATAATGGCTATGAAGACA	ALG13	ALG13
AGATACGGTTATTTCGTTCG	NO_SITE_34	NO_SITE_34
AGATACTCACGGAGGCCTCT	HMGB1	HMGB1
AGATAGAATAGCTCTCCTTG	H2BC3	H2BC3
AGATAGAATAGCTCTCCTTG	H2BU1	H2BU1
AGATAGAATAGCTCTCCTTG	H2BU2P	H2BU2P
AGATATATAACGGCAGGTCG	ONE_INTERGENIC_SITE_7	ONE_INTERGENIC_SITE_7
AGATATGGCAAAAGCGGACA	HMGB1	HMGB1
AGATCAGTAGGATGTAAACA	CMAS	CMAS
AGATCCGGGAGATCGCGGAC	TPT1	TPT1
AGATCGCGTCGGATCGCATC	NO_SITE_35	NO_SITE_35
AGATGCGTCAGATTCACCAA	COG7	COG7
AGATGGCTACTCTGGAGTTG	RPS3	RPS3
AGATGTACACGAAACCAGCT	ALG3	ALG3
AGCAAAATTGAGAACCACGA	PKLR	PKLR
AGCACACTGTACTACCAACT	DNAJC3	DNAJC3
AGCACCATTACCACCTCGTG	COG7	COG7
AGCACGGCAAACGTCCATCA	TTI1	TTI1
AGCACGTCCCAAACCGCGTG	ONE_INTERGENIC_SITE_8	ONE_INTERGENIC_SITE_8
AGCAGCTCGAGTGGACTGGG	EIF4B	EIF4B
AGCAGCTCGAGTGGACTGGG	EIF4BP3	EIF4BP3
AGCAGCTCGAGTGGACTGGG	EIF4BP7	EIF4BP7
AGCAGTAAGCCTCTCTACCT	CHSY3	CHSY3
AGCAGTTGTAAATGCAACGA	ALG5	ALG5
AGCCAGCGGTGAATTCCACG	GALNT17	GALNT17
AGCCCAAGCTACAAAAGTGG	SLC35A1	SLC35A1
AGCCCCACTACTGTCAACAC	SEC61A1	SEC61A1
AGCCCGATGTCTGCGCCACG	NACC1	NACC1
AGCCCGGAGAGATAAATGTG	ADAMTS9	ADAMTS9
AGCCGAGGTAGCGTTCAGGG	MOGS	MOGS
AGCCGCAGTCATAATAATTG	HOXB8	HOXB8
AGCCGCCCGAGGACTCAGTG	MRC2	MRC2
AGCCTCAAGATCATCAGGTG	GAPDH	GAPDH
AGCGAACGCAGCGAGAGCCG	PIGH	PIGH
AGCGCCTCGTCCGACAGGTG	MAFF	MAFF
AGCGCTCCGGCAAAACCTGG	PGGT1B	PGGT1B
AGCGCTTATTGTAGTGAGCC	H2BC3	H2BC3
AGCGGAGAGCCCTATAGACG	TSC22D2	TSC22D2
AGCGGTAACGGTCACTTACG	CHST14	CHST14
AGCTAGGCATGATTGACCGC	PARP1	PARP1
AGCTATTTAGGCCGCGCGTG	ONE_INTERGENIC_SITE_9	ONE_INTERGENIC_SITE_9
AGCTCCCTTTACTACAGACT	GABPB1	GABPB1
AGCTCCTTCTGTCTACTCGG	XYLT1	XYLT1
AGCTCGAGCAGATTTCATTG	TADA2A	TADA2A
AGCTGACTCACATCTAGGGT	CANX	CANX
AGCTGTACTCACTCATGGAA	B4GALT5	B4GALT5
AGCTTATGTTGGAGGGACGA	GALNT2	GALNT2
AGCTTCCTATTTACAATGGG	OSTC	OSTC
AGCTTCGCATACAAGGGGTG	METTL16	METTL16
AGCTTCGTTTGCATATGCAT	HBS1L	HBS1L
AGGAACTTGGAACTGTCATG	CALM1	CALM1
AGGAAGTCATCCGCTGACGC	RABGEF1	RABGEF1
AGGAATCCCTAAATGAGCTG	UVRAG	UVRAG
AGGACACAGACAGTTCAGCA	XYLT2	XYLT2
AGGACTTCCTGGCAGGACAA	DPM3	DPM3
AGGACTTGGCCGAGAGATTG	SSR3	SSR3
AGGAGACAGGAGATGAGGAA	ALG10	ALG10
AGGAGACCAACCTCGCACAG	TRMT1	TRMT1
AGGAGATGATTCCCGGTCAA	CDH9	CDH9
AGGAGGGTGAAATCAGACAG	MAN2A2	MAN2A2
AGGAGGTCATTGAATACGCA	HEXA	HEXA
AGGAGTAAGGCAGCATGACG	VAC14	VAC14
AGGATACACGAAGAACCAGG	TMEM258	TMEM258
AGGATATTCGACGTGGGTGA	DOLPP1	DOLPP1
AGGCAACTATGAACTAGCTG	DDOST	DDOST
AGGCAATCAACACCTCTCTG	ADAR	ADAR
AGGCACTGCTGCATACTCTG	CSGALNACT1	CSGALNACT1
AGGCAGGCAAGAAAACCACC	PDZD11	PDZD11
AGGCCACAAAACCCGAAGGC	CANX	CANX
AGGCCGATTCGACACAGACA	ENGASE	ENGASE
AGGCCTGGATCACGCAACAG	CHST7	CHST7
AGGCGAAGAGGCTGCACCGG	PARP16	PARP16
AGGCGATTCGGATTGCACAT	ARFGEF2	ARFGEF2
AGGCGCTCGTATTACGTAGT	NO_SITE_36	NO_SITE_36
AGGCGGCCCTGTGTGCGCAG	DMRTB1	DMRTB1
AGGCGGTAATTCTGCGAGCA	PPA2	PPA2
AGGCGTAGAAAAAACCATCA	MON1B	MON1B
AGGGCAAAACTGTTGAACGT	B4GALT3	B4GALT3
AGGGCGTCATGAGCGCAGGT	DUS1L	DUS1L
AGGGCTTTCAGGATTAGACG	UGGT1	UGGT1
AGGGGCCCGCCGTGGAATTG	HEXB	HEXB
AGGGTACATGAAATGGTGGG	ST3GAL2	ST3GAL2
AGGTAGAGATCTACTCCCCT	XPOT	XPOT
AGGTGACACGGCTCAAGCAG	MAFF	MAFF
AGGTGCGCCGTATACGTCAT	NO_SITE_37	NO_SITE_37
AGGTGGTGACTTTCGATGCA	PIGL	PIGL
AGGTTATCGCGCGCGAACCA	NO_SITE_38	NO_SITE_38
AGTAACTTAGGGGTACCGCC	MGAT5B	MGAT5B
AGTAAGAAATATGCTCCCAC	XRCC5	XRCC5
AGTAATGACAAAGATGATCA	NUS1	NUS1
AGTACACATGGAATGTGCTG	XPOT	XPOT
AGTACTGCTAGAACTTCGGA	CNOT6	CNOT6
AGTACTTCTTCTCGTAGTGG	HS6ST1	HS6ST1
AGTAGCCCTCAGCACAATCG	TOMM40	TOMM40
AGTAGGTATCAAATCCTCGG	ARSB	ARSB
AGTATAGTTGTATCTGCACT	SSR1	SSR1
AGTATCTGTATGTCAAGCGG	NPC1	NPC1
AGTATTAGGTCGGAAAGACA	EXOC2	EXOC2
AGTATTCTTCCCGAGCGCAT	CTIF	CTIF
AGTCACGCATTGCCAAGCGG	BIN1	BIN1
AGTCACTATCATCATCCACA	GALNT11	GALNT11
AGTCAGTGGTCCACAACGAC	ONE_INTERGENIC_SITE_10	ONE_INTERGENIC_SITE_10
AGTCCCTAAAAGCCAATGGG	PIGC	PIGC
AGTCCTGCTAAAGAAACCAG	PIGY	PIGY
AGTCGACGACGACGTATCGT	NO_SITE_39	NO_SITE_39
AGTCGTGTCCCGCATGCTCG	SEC13	SEC13
AGTCTTAATGCCTTCAACGT	HDAC3	HDAC3
AGTGAACAACTATCAGCCTG	FUCA2	FUCA2
AGTGACATTGACATCGTGGT	GPAA1	GPAA1
AGTGAGCTCTCAAAAAACGT	XPO1	XPO1
AGTGCAAAACCAGACAACCC	PIGV	PIGV
AGTGCCAATGTCGAGAACCA	PRMT7	PRMT7
AGTGCCTGCGCAATGATCGG	GALNT16	GALNT16
AGTGCGACCGCGGTATATCG	NO_SITE_40	NO_SITE_40
AGTGCGGTCGACTATCGATC	NO_SITE_41	NO_SITE_41
AGTGCGTACGTCCGTATACG	NO_SITE_42	NO_SITE_42
AGTGGATTATAGAAGTTACG	PIGK	PIGK
AGTGGCACAAGATCTTACAG	SSR1	SSR1
AGTGGTCCAGAAAATCGGTG	PKLR	PKLR
AGTGGTGGGAACGACAAACA	RPS6	RPS6
AGTGTTCTCGACTTCGTCGC	SDHAF2	SDHAF2
AGTTACAAGGAATACACTAG	DNAH5	DNAH5
AGTTACTGGCATTTAAACTG	ZC3H7A	ZC3H7A
AGTTGACAGAGACACAGTAC	MAU2	MAU2
AGTTGCTGGACCAAACAGTG	NUP133	NUP133
AGTTGGCATTGCTTACTCGA	VPS53	VPS53
AGTTGGTACATCACAAACAT	ATIC	ATIC
AGTTGTCTACTACAATGCAA	CACNA2D1	CACNA2D1
AGTTGTGGAAATAGAATACG	WDR12	WDR12
ATAAACTGGGAATGGCTGGA	DOLPP1	DOLPP1
ATAACCAGTTCTCTCAAGCA	HNRNPR	HNRNPR
ATAATATCGAGCTAGGCCAG	CACNA2D1	CACNA2D1
ATAATCAGAAATAGCTCTTG	HS3ST5	HS3ST5
ATAATCAGGTTAGGACCCTG	REXO2	REXO2
ATAATCATTACACTGGAGAG	PIGL	PIGL
ATAATTGGTCATTCTATGGG	PGAP1	PGAP1
ATACAAGGTGTTGAGCGCTG	RFX6	RFX6
ATACAGTCCTCGCCGACCAT	ONE_INTERGENIC_SITE_11	ONE_INTERGENIC_SITE_11
ATACATACCTAATTTCAAAG	MANBA	MANBA
ATACATGAACTGAAGCGTCA	RALB	RALB
ATACCATATTCTAGCAAAAG	MRPL13	MRPL13
ATACCCTGTATAGGTCGCAT	ONE_INTERGENIC_SITE_12	ONE_INTERGENIC_SITE_12
ATACCTTGTGGATAGCATGT	STAG2	STAG2
ATACGCCACACCGCGTCGTT	NO_SITE_43	NO_SITE_43
ATACTGGCGAATATGGCATA	SSR3	SSR3
ATAGAAAGCAATGATAACAG	GALNT4	GALNT4
ATAGAAAGCAATGATAACAG	POC1B-GALNT4	POC1B-GALNT4
ATAGACGCTATCCACGTCGT	YBX1	YBX1
ATAGACGCTATCCACGTCGT	YBX1P10	YBX1P10
ATAGATATCACGAGTGTACT	TMEM258	TMEM258
ATAGCAATAAGGAGGTAGAC	PIGP	PIGP
ATAGCAGAGCACCAGAACTG	RFT1	RFT1
ATAGCGTAGCGTAGATGGAG	CERS1	CERS1
ATATAAGGATATCACTGACG	RINT1	RINT1
ATATACCATCGCTGTAAAGG	SUPT16H	SUPT16H
ATATAGTCATACGTCGGTCG	NO_SITE_44	NO_SITE_44
ATATCACGTCCATAACGGGG	EXT1	EXT1
ATATCGACGACGTCGAATTG	NO_SITE_45	NO_SITE_45
ATATCGCGCGACGATTCGTA	NO_SITE_46	NO_SITE_46
ATATCGTCGGCGTACGATCT	NO_SITE_47	NO_SITE_47
ATATCTGAGTGGTATACAGA	ST6GAL1	ST6GAL1
ATATGACCAACTCTAGAACA	GALNTL6	GALNTL6
ATATGGACACAAATGACATG	C1GALT1C1	C1GALT1C1
ATATTAAATTACCTCGAGGA	PIGN	PIGN
ATATTCATTGATCACCTCAG	USE1	USE1
ATATTCGCGTTACGCGCATT	NO_SITE_48	NO_SITE_48
ATCAAAACAGTTGAATTACA	RAB10	RAB10
ATCAAAATCGGAGTGGTAGG	PMM2	PMM2
ATCAACAGGCAACTTACCTG	PIGX	PIGX
ATCAACGCGGCGGACGGATT	NO_SITE_49	NO_SITE_49
ATCACCAGGCCCATATGCAC	NUS1	NUS1
ATCACCAGGCCCATATGCAC	NUS1P1	NUS1P1
ATCACTATTGGTACCGATGA	ONE_INTERGENIC_SITE_13	ONE_INTERGENIC_SITE_13
ATCACTTCATAAGTGAACGC	ALG5	ALG5
ATCAGACCAGTCATTATACC	ARMCX3	ARMCX3
ATCAGGGTCAGGGATATGCT	CALR	CALR
ATCAGTTCGTGGTTGCATTG	RPS6	RPS6
ATCAGTTCGTGGTTGCATTG	RPS6P9	RPS6P9
ATCATCAATTTCTTGGTGGG	RAD21	RAD21
ATCATCATTCAGACCTTCGA	HSPB3	HSPB3
ATCATCGGCGTGAAGAAGGG	HS3ST3B1	HS3ST3B1
ATCATCGTTAGCCAGGACTG	MGAT1	MGAT1
ATCATGGAATAGTTTCGAGG	TUSC3	TUSC3
ATCATTGCCAATCACCCCCA	DGAT2L6	DGAT2L6
ATCCACAACCATGCGGACAT	TRAM2	TRAM2
ATCCAGACCATGATCACACA	MAPK1	MAPK1
ATCCCCAGGAACTCACACGG	RAC2	RAC2
ATCCGAAGCCTAGCTCGTGG	WWTR1	WWTR1
ATCCTTGCTCCATACCAACA	NEU1	NEU1
ATCGGCTCCTGCGCCCAAGA	H2BU1	H2BU1
ATCTACACCCCATCTTGAGG	B4GALT2	B4GALT2
ATCTACGCGGACCGTACGAT	NO_SITE_50	NO_SITE_50
ATCTCCATGGAGACTGACTC	SELENOK	SELENOK
ATCTCCGAGCACAAGTACCC	PIK3R6	PIK3R6
ATCTGACCTACCCATCTAGG	HPSE2	HPSE2
ATCTGCGACAGGATCAGCAG	SYS1	SYS1
ATCTGCGACAGGATCAGCAG	SYS1-DBNDD2	SYS1-DBNDD2
ATCTTAACGTCGACCCCGTG	ONE_INTERGENIC_SITE_14	ONE_INTERGENIC_SITE_14
ATCTTACGCGAGTCGCGAAC	NO_SITE_51	NO_SITE_51
ATCTTCGTGACATTGACCTG	NAGLU	NAGLU
ATCTTTATACCTAGATCTCA	CNEP1R1	CNEP1R1
ATGAAATCAGACATCACTGA	INTS12	INTS12
ATGAACTCAGACCTATTGCA	MAN1A2	MAN1A2
ATGAAGACCGATATGACAGA	EIF4B	EIF4B
ATGAAGACCGATATGACAGA	EIF4BP3	EIF4BP3
ATGAAGTTTCGTCAAGACTG	WDR36	WDR36
ATGAATGAATGCTGTCTGTG	PLAC8	PLAC8
ATGACCTCTACAGCAGTGTA	WDR12	WDR12
ATGACTTCTATACTGCAACG	HGSNAT	HGSNAT
ATGAGATAATTGAGCAACAA	CENPE	CENPE
ATGATAGAAACCCATAACCT	SECISBP2L	SECISBP2L
ATGATCGGGTCAACCGATCG	NO_SITE_52	NO_SITE_52
ATGATGCACGGCCGCAACAA	RPS5	RPS5
ATGCAGTCTGGCATACATCG	WDR36	WDR36
ATGCATCTAGTAACCAACAG	SMARCA5	SMARCA5
ATGCCAGTATGGCAACTCCT	HIKESHI	HIKESHI
ATGCCCACGCTCACTGACAA	NDST1	NDST1
ATGCCTGACCTGCCAAACGT	ELP3	ELP3
ATGCCTTGATCACATGAGAG	HBS1L	HBS1L
ATGCTAGGACACATTAGGAT	C1GALT1C1	C1GALT1C1
ATGCTGCCTTAACAGGCGAT	PTAR1	PTAR1
ATGCTGTGGCCGTTACAATG	HSPD1	HSPD1
ATGCTTTGGCGGGTATGCCG	ATP6V0A1	ATP6V0A1
ATGGAACAAAGTATCTTGCT	DNM1L	DNM1L
ATGGAGGACAGACATGACAT	IFNW1	IFNW1
ATGGATTGAACGGAATACCC	PGGT1B	PGGT1B
ATGGATTGCCTCAATAGCTG	ALAD	ALAD
ATGGCAAAAACTGTATCCGG	CHST2	CHST2
ATGGCCAGGTAGCCCGACCA	MBTPS1	MBTPS1
ATGGCCAGTCACGAGAACCC	ZNF787	ZNF787
ATGGCCATAAGCTTTCGTGG	HNRNPH1	HNRNPH1
ATGGCGACAGCATAGGCTCG	DPM2	DPM2
ATGGCGTTGATGACGCGGCG	MGAT3	MGAT3
ATGGCTAGGTCACTCGACAA	ONE_INTERGENIC_SITE_15	ONE_INTERGENIC_SITE_15
ATGGCTCAAATAGGATTGCG	YLPM1	YLPM1
ATGGCTTAGAAACATAGATG	RAB10	RAB10
ATGGCTTCAAGTATTCCTCA	ARSB	ARSB
ATGGGACCCTCACCGCCCCG	PMM2	PMM2
ATGGTCAAAGTGGCTACCAT	PIGW	PIGW
ATGGTGCAAAAGATGTCCCA	PDIK1L	PDIK1L
ATGGTGCAACTCTGGGTCCC	THOC7	THOC7
ATGGTTAAAAGAGTACTGGT	REPS1	REPS1
ATGTAAAAGAGTCCTTTCGA	VPS54	VPS54
ATGTAACATACGCGCGCTAG	ONE_INTERGENIC_SITE_16	ONE_INTERGENIC_SITE_16
ATGTAGGCGCGATACGAGCG	NO_SITE_53	NO_SITE_53
ATGTCATACTAGACAATTTG	C1GALT1	C1GALT1
ATGTCCACAAACGCTACCCC	GALNT17	GALNT17
ATGTCTTACGCCCGCGATAT	NO_SITE_54	NO_SITE_54
ATGTGATTTCCCTTAGGATG	MRPS14	MRPS14
ATGTTCCTGTACTCGTGCGC	HS3ST3B1	HS3ST3B1
ATGTTCTGAACAGGTGGTCT	TIMM9	TIMM9
ATGTTTATATTTCACAACGG	ICOS	ICOS
ATTAATTGAATGTGGCTGGA	ENY2	ENY2
ATTACTCTGATTGCCAGGCC	GMPS	GMPS
ATTAGTGGACAGCACTTAGT	NPM1	NPM1
ATTATACCGCGCCGCGCAAT	NO_SITE_55	NO_SITE_55
ATTATTAATTGGATGTGACG	ALG6	ALG6
ATTATTATCCCACATCGTGG	CHST15	CHST15
ATTCAGAAGAGAATTTCAAG	GALNT11	GALNT11
ATTCAGCAACTACGAACAGA	STX18	STX18
ATTCCAGTACGATGTCAGCT	HEXA	HEXA
ATTCGACGACATCCCCAACT	CHST12	CHST12
ATTCGAGGCATAGTAACTGT	PIGG	PIGG
ATTCTTAACAGGCTAAAGGT	HSPD1	HSPD1
ATTGAACTAATTCACCAAGA	MGAT5	MGAT5
ATTGAATATGCCAGATTACG	HEXB	HEXB
ATTGATAGACGTCACCACGA	DNAH5	DNAH5
ATTGCAGACTCGTACGATCG	NO_SITE_56	NO_SITE_56
ATTGCCATGGCAACAGCAAT	SEC61G	SEC61G
ATTGGATCATCAGATCATGA	UGGT1	UGGT1
ATTGGCTGAGCAGTTAGTGG	B3GNT7	B3GNT7
ATTGTAACTCGAATAGTCCA	SLC17A3	SLC17A3
ATTGTATGGATGGAGTCGAG	PIGP	PIGP
ATTGTCCTAGCTCTAGACTT	CNOT6	CNOT6
ATTGTTGCATCATTGCTGTT	YEATS4	YEATS4
ATTTACGGTTCGTTCGCGGC	NO_SITE_57	NO_SITE_57
ATTTACTTCAAGTCCCGCGG	CERS1	CERS1
ATTTATTACAAAAGGCACCT	DPP4	DPP4
ATTTCCGGGACATAACCCCC	ALG13	ALG13
ATTTCGATAACTTACGCGAG	NO_SITE_58	NO_SITE_58
ATTTGAAGATATGGCAAAAG	HMGB1	HMGB1
ATTTGACACTCCTTATGAAG	UBE2Z	UBE2Z
CAAAAATGTTACCTGAGGGA	PPA2	PPA2
CAAACACGTCCATGTCGCAC	CHST6	CHST6
CAAAGACTCGGAATGCCTCA	CALM1	CALM1
CAAAGGTATATAACCCTAGG	NDST4	NDST4
CAAAGTACGTGTGATAACCC	ALG5	ALG5
CAAAGTCCTTACAGTCGCCG	PARP16	PARP16
CAAAGTCTGCTGTCCGACCT	DERL2	DERL2
CAAAGTTACCGAGGATCCCT	GALNT7	GALNT7
CAAATAATCCACGATCAACC	ALG6	ALG6
CAAATCCAGGAGTTCTACCA	HOXB8	HOXB8
CAAATGTATATAATCCCAGT	NDST3	NDST3
CAACAAGAGTACAAAACAGC	SBDS	SBDS
CAACACTTTGTTACAACGCT	C1GALT1	C1GALT1
CAACCGTTCAGTGTCCGTAA	HSPA8	HSPA8
CAACCTCTCGTACATCGGCG	MAPK1	MAPK1
CAACCTGAATTGGGAACGTG	STX18	STX18
CAACGCAGGGAACCAAACGG	B3GNT2	B3GNT2
CAACGGGCAATAACACAGTG	UBE2Z	UBE2Z
CAACTCGATAAGCCAGTACA	ZC3H7A	ZC3H7A
CAACTGCCATTATTCCATGG	MOGAT1	MOGAT1
CAACTTCTCCACACACATGG	REPS1	REPS1
CAAGAAAATAGTGTGGCGTG	GALNTL5	GALNTL5
CAAGAACATTCTGTGTTCTG	RPS3	RPS3
CAAGAACGAAGTGTGTATGG	RPRD1B	RPRD1B
CAAGAATAACTAAGCATGAG	PGGT1B	PGGT1B
CAAGAATACACCTTGGCCCG	EIF3L	EIF3L
CAAGACCATCGACTTGGAGT	ST3GAL1	ST3GAL1
CAAGACTCTCTGGATACTTG	ALG10	ALG10
CAAGACTCTCTGGATACTTG	ALG10B	ALG10B
CAAGCAACGTCGTACGCTAG	NO_SITE_59	NO_SITE_59
CAAGGAAGATGTACCCATGT	RNASEH1	RNASEH1
CAAGGACGTTTACCGTCGTA	NO_SITE_60	NO_SITE_60
CAAGGAGGTCCAGACGATCG	THOC6	THOC6
CAAGGTCTTATAGCCCAAGA	PACS1	PACS1
CAAGGTTCCTGGATGTAGCG	PIGZ	PIGZ
CAAGTAATTCAGGATGTGAT	B3GNT2	B3GNT2
CAAGTACAAGCCCGAATCGG	P4HB	P4HB
CAAGTCACACAACACCAATG	ST3GAL2	ST3GAL2
CAAGTCGTGTGGGACGAACC	CNNM4	CNNM4
CAATAATGAGACATGCACAG	EDEM1	EDEM1
CAATAATGCTCGTCTATGTG	DERL2	DERL2
CAATAGAGTCCGCATTACCG	PIGM	PIGM
CAATCCGGGAATACCGAACA	ONE_INTERGENIC_SITE_17	ONE_INTERGENIC_SITE_17
CAATGAACCTCTATTCAAGT	GTF3A	GTF3A
CAATGATAGCAAACGTAGTG	C1GALT1C1	C1GALT1C1
CAATGTATACAACGATACCC	CDC45	CDC45
CACAAAAACGGGGTTACGTG	MAPK14	MAPK14
CACAACGGATTCGGAAATCG	GTF3C5	GTF3C5
CACAAGCAAAAACGCCATGT	NPC1	NPC1
CACAATACCACACCAGGCGA	INTS12	INTS12
CACACAGGTATGGTGTGAAG	ALAD	ALAD
CACACAGTTTGGCTTCCGTG	ALG3	ALG3
CACACCCATGACGAACATGG	GAPDH	GAPDH
CACAGACAGGGAGAGCACAT	TGIF2	TGIF2
CACAGGCAGTAGCAAACGAG	GALNT5	GALNT5
CACAGTGATCCACTGCGAAG	VCP	VCP
CACATGTCGACGTACGCCCG	NO_SITE_61	NO_SITE_61
CACCAAACGTACCCAGACAA	NPC1	NPC1
CACCACTGAGGTGTAGACAT	MAN2B2	MAN2B2
CACCATTAACCTATACCTCG	EMC1	EMC1
CACCCCTACACGTTCCCGGG	GALNT2	GALNT2
CACCCCTTACCCGATCCTTG	TAF6L	TAF6L
CACCCTGAGAGTGACCGGCG	FERMT2	FERMT2
CACCTATGAAAGACTAGCAG	FXN	FXN
CACCTCGGAGCGGATCCGAG	TRMT1	TRMT1
CACCTGCCACGAATGTGCCA	MBTPS1	MBTPS1
CACCTGCGACATGTAGCTCA	GMPPB	GMPPB
CACGACACGCCCGTCGATTA	NO_SITE_62	NO_SITE_62
CACGACGACGACGACATCCG	MRC2	MRC2
CACGACGTGAATCATGACAT	SRD5A3	SRD5A3
CACGCAGCACGACCGCCGCG	B3GNT7	B3GNT7
CACGGACAGTGCTCTTCGAG	NEU4	NEU4
CACGGCATTCCAACGGACAT	NDST3	NDST3
CACGTCTGACCGCGACATCG	B3GAT1	B3GAT1
CACTACAAGACCTATGTCGG	B4GALT7	B4GALT7
CACTACGACGCGCTAGTCGT	NO_SITE_63	NO_SITE_63
CACTATCGGGCGATAACGCG	NO_SITE_64	NO_SITE_64
CACTCGTTCCACGATCTCCG	VPS51	VPS51
CACTGCGCAGATATTTCCGT	YBX3	YBX3
CACTGGGACACATTGCTGAG	SSRP1	SSRP1
CACTTGCCATACTATCCCAC	ERAP1	ERAP1
CACTTTGACGACACCAATCG	ADAT2	ADAT2
CAGAACTCATTCCGGCCTCG	PPP1R15B	PPP1R15B
CAGAAGCAGCGACTGCTCAA	CHPF2	CHPF2
CAGAATCAAGTGGAACCGGA	PRND	PRND
CAGACAAAGGCATACCTAGG	SGSH	SGSH
CAGACACTCACAGATCATGG	DPYSL4	DPYSL4
CAGACGGGTCATTCCACGTG	HSPA5	HSPA5
CAGAGCCTGAGATGGACGTA	USE1	USE1
CAGAGGTAAGTGTCGAACGG	ONE_INTERGENIC_SITE_18	ONE_INTERGENIC_SITE_18
CAGAGTCAAGTGCATAAGTG	GLCE	GLCE
CAGAGTCATCCAAAATAAGG	RPN1	RPN1
CAGAGTGTGACTGCACTCCA	TNFRSF9	TNFRSF9
CAGAGTTAACCCCATGCACG	CHSY3	CHSY3
CAGATGACGTCTTGATAATG	XPO1	XPO1
CAGATGCGCGACCTGGCACG	EDEM1	EDEM1
CAGCAACATATGCTCGATCG	GLB1	GLB1
CAGCACCATCTCCATCAATG	THOC7	THOC7
CAGCACGAGTCTGGTTGTGC	PACS1	PACS1
CAGCAGCCCCTTTCCCACGT	TGIF2	TGIF2
CAGCATTGCTGATCTCATGA	DHDDS	DHDDS
CAGCCATCTGATCTCGACGA	ONE_INTERGENIC_SITE_19	ONE_INTERGENIC_SITE_19
CAGCCGATTTCAGTACCACA	NDST4	NDST4
CAGCCGCCAGAGTGTCATTG	MARCO	MARCO
CAGCCGTCAGCTTTAGTCAG	ZC3H7A	ZC3H7A
CAGCCTGCCAGTATACTGGG	SMAD4	SMAD4
CAGCGAAACCGAAAACATGC	ZBTB38	ZBTB38
CAGCGACATACGCGACGTCG	NO_SITE_65	NO_SITE_65
CAGCGGCACCGAACATCGGG	MUS81	MUS81
CAGCGTATTGCCGACGCTAG	NO_SITE_66	NO_SITE_66
CAGCGTGTATTCCATACCCC	CHPF	CHPF
CAGCGTTTATGACCCACAAG	ZNF341	ZNF341
CAGCTACCAGTAATAATACG	EXTL2	EXTL2
CAGCTATCGGATCATCAGTG	HOMER2	HOMER2
CAGCTGCATCCTTCTCTACG	SELENOS	SELENOS
CAGCTTTAGCAAATGATACA	YEATS4	YEATS4
CAGGAATAAAGGCCCACACG	PIGP	PIGP
CAGGACAAATGACCAGTTGG	XYLT1	XYLT1
CAGGAGACACAATCACAGTG	GALNT8	GALNT8
CAGGAGCCGATATAGAACTA	ANKRD17	ANKRD17
CAGGAGGCACAGGAGAACTA	KRTCAP2	KRTCAP2
CAGGATTACTCGACGCCGTT	NO_SITE_67	NO_SITE_67
CAGGCACAATAGAAACAACG	TIGIT	TIGIT
CAGGCACACAGACTCGCCCT	TIMM10	TIMM10
CAGGCAGAAACACCTCGATG	GAB2	GAB2
CAGGCAGAAGCAGATTCAGG	RABGEF1	RABGEF1
CAGGCCAAAAATGAACCTGT	SAFB	SAFB
CAGGCCGCGGACAAAGTTTG	MALSU1	MALSU1
CAGGCGCTCAGCACTGACGA	NEU4	NEU4
CAGGGCGGTCATTACACCCA	MON1B	MON1B
CAGGGTCTCCAACGTGTCGG	MGAT2	MGAT2
CAGGTAACTGTATATCTCCG	RINT1	RINT1
CAGGTAGACAGACGGGAAGA	HYAL2	HYAL2
CAGGTCATAGAGCTTCTGCA	CHST13	CHST13
CAGGTCGGACTCACCAATGT	DDOST	DDOST
CAGGTGGGATTCCCCAACGC	MTG2	MTG2
CAGGTTGCGATAATTCTGGG	WDR81	WDR81
CAGTAACTTGTCACCCATCG	BSN	BSN
CAGTAATGCTCATACTCCTG	STAP1	STAP1
CAGTCTCAGAGGCCTAGCCA	ST6GAL1	ST6GAL1
CAGTTCATCCGGCCTCATGG	MRPS18A	MRPS18A
CAGTTGAAGGCACACTGTAA	ENY2	ENY2
CAGTTGAGTGTTGCGGGCAA	HYAL3	HYAL3
CAGTTGGGTCCCCTTTACCT	CAMLG	CAMLG
CATACGCGTAGCCCAAGGAG	PABPC1	PABPC1
CATACTGCTCGTAGTCAAAG	CDC45	CDC45
CATAGCGACTCGATCTCGGT	ZPR1	ZPR1
CATATCATCGCTGACAACCT	DNLZ	DNLZ
CATATGGTTAGTGATAGCGA	FAF1	FAF1
CATCAACCCTGGGTAAACCT	STT3B	STT3B
CATCACTCCTACCTGAGATG	BIN1	BIN1
CATCAGCCTTAATTCGACGA	SMARCA5	SMARCA5
CATCATGAAGAGCTCCCCCG	CHRAC1	CHRAC1
CATCATGAGCATCATAAGTG	FERMT2	FERMT2
CATCATGTTACACAAAATGG	SPTLC2	SPTLC2
CATCCATATTATGAGTTGAC	EIF5A	EIF5A
CATCCATATTATGAGTTGAC	EIF5AL1	EIF5AL1
CATCCCAGCAAAGAGCAGCA	KRTCAP2	KRTCAP2
CATCCCATTTGGGAATATCG	PIGO	PIGO
CATCCTTCCGAAGCATGTCT	TGIF2	TGIF2
CATCGACATCTTCGGGCGCA	ARGLU1	ARGLU1
CATCGCTCAGGAGATATACG	ATXN7L3	ATXN7L3
CATCGTCGTTACACTTGTTG	SMPD3	SMPD3
CATCTGAACTATCGCCAGAA	MAN1B1	MAN1B1
CATCTGAGGCCTTACCCCCG	TGIF2	TGIF2
CATCTGCACAGCAGTCATCG	TIGIT	TIGIT
CATGAGCAGAACATCGACTG	CALR	CALR
CATGCCTTTCCTGTCACAAG	TLE3	TLE3
CATGCGCCAACGACGCGATT	NO_SITE_68	NO_SITE_68
CATGCTTAGTCCAGTATCTG	SECISBP2L	SECISBP2L
CATGGAATACCAATCAACAT	NDST4	NDST4
CATGGATCAAGACTACGCCA	EMC1	EMC1
CATGGCTCAGCGGATGGTCT	REXO2	REXO2
CATGGCTCGATTAAAGGGTT	B4GALT5	B4GALT5
CATGGGACACCGGTACATTG	HNRNPF	HNRNPF
CATGTGGTTGTAGAACACTT	HS3ST1	HS3ST1
CATGTTAAGTCCGGATCCGA	SMG1	SMG1
CATTATCGTCGCGCGTATCG	NO_SITE_69	NO_SITE_69
CATTCCATTCCGCAACCGGC	B4GALT1	B4GALT1
CATTGCACAAAAGTTAACGG	ALG10	ALG10
CATTGCACAAAAGTTAACTG	ALG10B	ALG10B
CATTTAGAGCAAATATCAGG	HPSE2	HPSE2
CATTTATATCGGTTGCGCGC	NO_SITE_70	NO_SITE_70
CATTTGGTGCAGAAGCACCA	IFNW1	IFNW1
CCAAACAATCGCGCGCGATT	NO_SITE_71	NO_SITE_71
CCAAATGGTCGTCCGCCCAT	SSR1	SSR1
CCAACCGTGTTGTATGTGAG	OSGEP	OSGEP
CCAAGGTAAGCCAATACGGG	ALG9	ALG9
CCAAGTTCTAGAGCTAGACG	TTI1	TTI1
CCACAATGTCCTCCCGACGA	ATXN2L	ATXN2L
CCACAGTATGGAACTGCATG	DHX30	DHX30
CCACCAAGGTACCTTCTGTG	MGAT5B	MGAT5B
CCACCACTGAGTAAAACCTA	GMPS	GMPS
CCACCGTTCGACGCCCACGT	SHROOM2	SHROOM2
CCACCTCAGCTACTTGACAG	MAN1A2	MAN1A2
CCACGCGACCGTATTGTCGA	NO_SITE_72	NO_SITE_72
CCACTAACGTCGCGATTGCG	NO_SITE_73	NO_SITE_73
CCACTCTATGAGGATAGTCA	PTPN2	PTPN2
CCACTGGTGCATATGTTCCC	IRF3	IRF3
CCACTTGGCCAGCAGAACGA	ALG1	ALG1
CCAGAGCCCATACCTGGCAT	B3GAT3	B3GAT3
CCAGATCCCTCAAAATACTG	AGA	AGA
CCAGCAAAGCTCTAAAGGTG	MAFF	MAFF
CCAGCAAATGCGTATCCGCG	ONE_INTERGENIC_SITE_20	ONE_INTERGENIC_SITE_20
CCAGCATAAAAACCACAACA	HIKESHI	HIKESHI
CCAGCTCGTCTACACCTGCA	DNLZ	DNLZ
CCAGCTCTGGACCTTTGACT	RAI1	RAI1
CCAGCTGAAATACGCGCGAT	NO_SITE_74	NO_SITE_74
CCAGGACGCGACCGTACGAC	NO_SITE_75	NO_SITE_75
CCAGGATGATTGGAAATGGG	SMAD4	SMAD4
CCAGGTACTTAGAGACACAT	TIMM10	TIMM10
CCAGGTCCTAACATAGAAAG	EIF5B	EIF5B
CCAGGTGCACGCTGAGAACG	DPYSL4	DPYSL4
CCAGTAACTGAACCACATCG	ANKRD17	ANKRD17
CCAGTAATGATCATCTCGAT	MAN2A1	MAN2A1
CCAGTACGTGGGAGCCCTAG	USE1	USE1
CCAGTCCAATAACCCCTGAG	TNFRSF1A	TNFRSF1A
CCAGTCTGCCATACCACGAG	FH	FH
CCAGTTGCTGAAAGGTCGTG	CD207	CD207
CCATAGCTTTAAGATACACA	SLC35A1	SLC35A1
CCATATACATAATATGTCCA	PIGN	PIGN
CCATCATAGTCAAAAATTCG	CALM1	CALM1
CCATCCAGTACAGATCCTCG	MAFB	MAFB
CCATGACGAAATTAGCGCAG	DPM3	DPM3
CCATGTTCACACGCTACCTG	MAN2B2	MAN2B2
CCATTGTTTATGGTCAGCCT	SPTLC2	SPTLC2
CCATTTCCATCACTCTGAGA	THG1L	THG1L
CCCAAAATGACCAGCTAGGG	HYAL1	HYAL1
CCCAACTGGTCAAAGCACAG	ASXL2	ASXL2
CCCAATACTTAGGAACACCC	VRK1	VRK1
CCCACACTATCTACTCTCAG	GALNT13	GALNT13
CCCACTAATGTGGCGCAGGG	MALSU1	MALSU1
CCCACTTCCGTAGCGCCAGG	NEU1	NEU1
CCCAGAAAGAACCGCACCTG	NSDHL	NSDHL
CCCAGCGCATAATTAATCCC	B4GAT1	B4GAT1
CCCAGTATCCACATGCGGTG	DDOST	DDOST
CCCATAATTGGTGGCGAACG	FAF1	FAF1
CCCATATCGACGACTCGTCG	NO_SITE_76	NO_SITE_76
CCCATCCAGGCTAATCACAC	GBA	GBA
CCCATTGAAGGTCGACTGGG	HS3ST5	HS3ST5
CCCCGATCTTACGTCGCGTA	NO_SITE_77	NO_SITE_77
CCCCGGCTCCAATGCACCCG	SLC35A2	SLC35A2
CCCCTAAGCGAGCGCTATCG	ONE_INTERGENIC_SITE_21	ONE_INTERGENIC_SITE_21
CCCGACCTCCCCTCAGCACG	ZFP91	ZFP91
CCCGACCTCCCCTCAGCACG	ZFP91-CNTF	ZFP91-CNTF
CCCGATGCGTACGTCGCGCT	NO_SITE_78	NO_SITE_78
CCCGGACGAGTCACGCACAG	TSC22D2	TSC22D2
CCCGGCGTGGCGGTGTGAAG	H4C1	H4C1
CCCGTTGGAGCGTACCCCAG	PIGV	PIGV
CCCTAAAAAAGGCTCCAAGA	H2BC14	H2BC14
CCCTAAAGTTCAGGCATCTC	BTF3	BTF3
CCCTAATAACCATCACAGTG	ERAP1	ERAP1
CCCTCAAACACCTCAAAGGG	TARBP2	TARBP2
CCCTCCTCTAGCCAATCAAG	PPP1R15B	PPP1R15B
CCCTCGCGGTCGATCGACCT	NO_SITE_79	NO_SITE_79
CCCTCGTCTGGACCGCAGAG	PRND	PRND
CCCTCTGAAGCTCATCCAGG	EXTL1	EXTL1
CCCTGCGTCGACCGTAACGC	NO_SITE_80	NO_SITE_80
CCCTTATGTACCGCGAGCAG	B3GAT1	B3GAT1
CCGAACCGAAGTCGCGCGTA	NO_SITE_81	NO_SITE_81
CCGACACGCGAGACTACAGG	GALNT8	GALNT8
CCGACCTCTTCTCCAGCATA	ST3GAL1	ST3GAL1
CCGATGGCATGAGAGCATCA	DPYSL4	DPYSL4
CCGCCCGGCTAAGAGCCTTG	SELENOS	SELENOS
CCGCGCAGCTTGTAGTTGCG	B3GAT1	B3GAT1
CCGCGCGCTTCGTCACGGAG	PIGM	PIGM
CCGCGGCAAGACTGGCGGCA	H2AX	H2AX
CCGCGGGTGAAATTGTAGCG	HS6ST2	HS6ST2
CCGCGTAGGGAGAGAAGTAG	B3GAT2	B3GAT2
CCGCGTCCTACGGTCGCGAA	NO_SITE_82	NO_SITE_82
CCGCTGACGTCGACCGATAT	NO_SITE_83	NO_SITE_83
CCGGGAGCCTTCATCAAGCA	PRND	PRND
CCGGGGACCAGGTTCCATGT	CHST4	CHST4
CCGGGGTGCCCAATAGAAAG	B3GNT6	B3GNT6
CCGTACCCATAATATATGCA	PIGA	PIGA
CCGTAGAACAGAGCAAGAGG	SMARCA5	SMARCA5
CCGTATGGGACCGATACTCG	DOLK	DOLK
CCGTCGCGAACCGTTACGTA	NO_SITE_84	NO_SITE_84
CCGTCTGCGCGTCATACAAG	NEU2	NEU2
CCGTGTAAGGACGGTGATTG	CSGALNACT1	CSGALNACT1
CCTACCAGTGAAGAGGTCCG	MAN2B1	MAN2B1
CCTCACACACATGATGACGT	MAN2B1	MAN2B1
CCTCACCCTTGCACTTCCGG	TOMM40	TOMM40
CCTCACTTACCATGGAAAGC	PPIH	PPIH
CCTCATACCCGAAGTGATTG	GALNTL6	GALNTL6
CCTCATGCTTGTTGACACCG	GUSB	GUSB
CCTCCCAAAGGTGATAAGAA	HMGB2	HMGB2
CCTCCTCAAAGGCTTTACGA	VCP	VCP
CCTCCTCGTAGCATCGTACA	ONE_INTERGENIC_SITE_22	ONE_INTERGENIC_SITE_22
CCTCGTACCCAAGCTCGCTG	MMS19	MMS19
CCTCGTCGACAAGACTGGGA	CMAS	CMAS
CCTCTATTCTGACCGGACAG	HNRNPR	HNRNPR
CCTGAACTACTCCCACACCA	ST3GAL1	ST3GAL1
CCTGAGAACCGGTCCTGCCC	RPS28	RPS28
CCTGAGAACCGGTCCTGCCC	RPS28P7	RPS28P7
CCTGATACTTACTTGCAGTG	POLR1A	POLR1A
CCTGCATCACATAGTAGGGT	CHST4	CHST4
CCTGCATTTCAATATACCGA	DHX36	DHX36
CCTGCCTGGGAACAACCGGA	ICAM1	ICAM1
CCTGCTCATCAACCGCAACG	SLC2A1	SLC2A1
CCTGGACAACAATCACCACA	SMG9	SMG9
CCTGGACCACAACATCGTGA	CLDN5	CLDN5
CCTGGAGTACCACGTCAACG	MAN2B2	MAN2B2
CCTGGCATGGATGTATACGG	GALNT17	GALNT17
CCTGGCTTGAACGGACGATG	GPAA1	GPAA1
CCTGGGCGGCCGACCCACCG	HOXB8	HOXB8
CCTGGTGAGGTGGATTACGG	MDN1	MDN1
CCTGTACTGTGACGTGTCAG	NACC1	NACC1
CCTGTATTAACAGAACTAGG	METTL16	METTL16
CCTGTGATAGGGTCACTCAG	DHX30	DHX30
CCTTAACAGGACTCTAGTAT	NAA20	NAA20
CCTTACAAGGTACTTGCCGT	RRP9	RRP9
CCTTAGCGATTTGATCCCAG	GALNT5	GALNT5
CCTTATAGCGCGCGAACGGT	NO_SITE_85	NO_SITE_85
CCTTATCGTGCGCGAACAAA	NO_SITE_86	NO_SITE_86
CCTTCATAGATATGGCAGTG	GALNT7	GALNT7
CCTTCCATCGCAGACATGCA	HS6ST2	HS6ST2
CCTTCCCATCAATACATCCA	DNM1L	DNM1L
CCTTCCGAACAAAGTTGACA	MANBA	MANBA
CCTTCCGGTAGTTGGCGTCG	DUS1L	DUS1L
CCTTCGCTCACCTGCCCAAG	EEF1G	EEF1G
CCTTGCCAAATAACCGTGAA	USP16	USP16
CCTTGTGACCCGTGACAAGG	MAU2	MAU2
CGAACCCACTTACTTCATGG	DPAGT1	DPAGT1
CGAAGGAGAGGCCGAATTGG	CCNO	CCNO
CGAATGTCATAACGACCACG	SSRP1	SSRP1
CGACACGGTAGCACGCAGTG	PIGQ	PIGQ
CGACAGCTTCGGACCCACGT	MAN2C1	MAN2C1
CGACGAGAGCGCGTTCGTAT	NO_SITE_87	NO_SITE_87
CGACGAGGCCTTCGACCATG	SMPD3	SMPD3
CGACGCCTACGAAAACCTCA	B3GALT6	B3GALT6
CGACTCGGACAGAATCACCT	MED24	MED24
CGAGCCAAACTCTTGAATGT	B4GALT4	B4GALT4
CGAGCTGTACCAGCGCGTAG	B3GAT3	B3GAT3
CGAGGCCCTTGTCGTAGCTG	HS3ST3A1	HS3ST3A1
CGAGGGCAACAGGTACTACG	PRND	PRND
CGAGGTCCACTTCTTCGACT	HS3ST1	HS3ST1
CGAGTCCTTACCAAGCAGCG	B4GALT1	B4GALT1
CGAGTTGATTAACCACGACG	UXS1	UXS1
CGATATAAGTTGCAAATGAG	MBTPS2	MBTPS2
CGATGACAACACCTACAGCC	B3GAT3	B3GAT3
CGATGCCTATTACTGCACTG	PARP1	PARP1
CGATGGCGAGGGCATCATCG	ZNF787	ZNF787
CGATTGAGGGAGGAAGTACG	ZNF555	ZNF555
CGCACGTTGAAGCGTCGTCG	NO_SITE_88	NO_SITE_88
CGCAGCCACATACAGTTCGA	SRBD1	SRBD1
CGCAGGGCACTCACTTGGAG	RNPS1	RNPS1
CGCCAACGCGCTCGGCGTAG	H2AX	H2AX
CGCCATCACGCTCAGCGAGA	SPCS3	SPCS3
CGCCATCATCGTGTTCAGGG	ALG12	ALG12
CGCCATCTTCGCCAACATGC	OST4	OST4
CGCCGGACAGCCCCACGACG	HS3ST3A1	HS3ST3A1
CGCCGGAGAAGCGTCACGCC	H2BC14	H2BC14
CGCGCACTCACAGGCGACGT	UXS1	UXS1
CGCGTTCGGAGGCCAAAACG	FH	FH
CGGACGACGACTCCTTCGCG	B3GALT6	B3GALT6
CGGAGATCAGGCGCACGAAG	CHST12	CHST12
CGGATTTCCACCCGGACACG	UBE2J2	UBE2J2
CGGCACAGGTGATGCACCGG	ST6GALNAC1	ST6GALNAC1
CGGCAGAATGGACTCACCAG	PDIA3	PDIA3
CGGCCGTCCGAGAACGTTAT	NO_SITE_89	NO_SITE_89
CGGCGCGCCAGTGTACCTGG	H2AX	H2AX
CGGCGCGGATACTTACTGCG	FXN	FXN
CGGCGCGTGACTATTCGACG	NO_SITE_90	NO_SITE_90
CGGCGCTATCGGTCCGTACC	NO_SITE_91	NO_SITE_91
CGGCTATAATACTCCCTCAG	ALG1	ALG1
CGGGCAGCGCTCATCAACGT	B4GALT7	B4GALT7
CGGGCCAAGCTGCTTAACGT	B4GALT2	B4GALT2
CGGGCTACTCAACCTGACCG	CHST1	CHST1
CGGGGCTACGACTTCAACCG	DHPS	DHPS
CGGGGTCGGCATACGATCGG	NO_SITE_92	NO_SITE_92
CGGGTACCAGGTCCACATCG	B4GALT4	B4GALT4
CGGTAGTGTCTGTCATTTCG	DAD1	DAD1
CGGTATTCAAGTACTCCCGG	ALDH1L1	ALDH1L1
CGGTCCTTCCAGTAGAAGCG	GLB1	GLB1
CGGTCGCCCAATGCGCGATC	NO_SITE_93	NO_SITE_93
CGGTCGTTTCCTAGGCGACG	ATOH8	ATOH8
CGTAATACACGGTCTGCATG	SYS1	SYS1
CGTAATACACGGTCTGCATG	SYS1-DBNDD2	SYS1-DBNDD2
CGTACATGTGAAGCAGCAGT	PET117	PET117
CGTAGAGCGACTTGCGCATG	MGAT3	MGAT3
CGTAGCCGTAGAAATTGCCG	HOXB8	HOXB8
CGTAGGGAAATAAAATCCCA	EXTL2	EXTL2
CGTAGTGCTGATACTTGGCG	RAI1	RAI1
CGTATCAAGATGTCAGGATG	DHDDS	DHDDS
CGTCGGTCGACCGATTACGG	NO_SITE_94	NO_SITE_94
CGTCTACGACCACCAAGGTG	NUS1	NUS1
CGTGACGCATCGCGCCGTTT	NO_SITE_95	NO_SITE_95
CGTGACGCGACCTAGCGAGG	NDST1	NDST1
CGTGAGCAAAGCCATACAGT	DSE	DSE
CGTGCAGAAGGTAAACAACG	CNNM4	CNNM4
CGTGCCTCTAGCAAAAAGGG	CSGALNACT1	CSGALNACT1
CGTGGAAGACGTCCCCCGCG	PTK6	PTK6
CGTGGACCCAATCTAGCACG	WDR81	WDR81
CGTGGACGAGGACTAAATGT	CSGALNACT2	CSGALNACT2
CGTGGCCGACGACACCAGGT	SRSF10	SRSF10
CGTGGCTGTGAACCGTACGG	CHPF2	CHPF2
CGTGTCGTTATTCGCGAATC	NO_SITE_96	NO_SITE_96
CGTGTGCCCCTCGCGTTACG	B4GAT1	B4GAT1
CGTGTGCTATCGTCTGAGAG	TAF6L	TAF6L
CGTGTTGAACAAACTAGTGG	UGP2	UGP2
CGTTCTCATGAAGCCACGGG	SMG9	SMG9
CGTTCTCCCCAATCAAGACA	ADAR	ADAR
CGTTGCTGGAGAGTCAAAGG	ZNF341	ZNF341
CGTTTAAGCATTGCTGCTGG	RPS12	RPS12
CGTTTGCAGTGACATGTCTG	BSN	BSN
CGTTTGGGGCCACGCCATCG	HS3ST1	HS3ST1
CTAAACTACAGGATACCAGA	FUT8	FUT8
CTAACAGGACAGCTATCCCG	MRPS14	MRPS14
CTACAACGTACCCGCGTCGT	NO_SITE_97	NO_SITE_97
CTACATAGTGACTTCGAACT	MRPS14	MRPS14
CTACCATGGATACATTCACA	ST6GAL1	ST6GAL1
CTACTACGATGCCTGCTCGG	IDUA	IDUA
CTACTACTACAAGTGTCACA	COG7	COG7
CTACTTGTGTGATGTGACAT	DPP4	DPP4
CTAGACCGGAGCATCCGAGG	NDST2	NDST2
CTAGATCAACCACTACCCAC	UBE2Q2	UBE2Q2
CTAGCCAGAACTTACAAGAG	DYM	DYM
CTAGTATATGACATCACCAA	RAB10	RAB10
CTATAAGCAGTGAATAATTG	B3GNT2	B3GNT2
CTATACACTTCCAGTGTCGA	OGT	OGT
CTATAGGCGCACGTTCGTTG	NO_SITE_98	NO_SITE_98
CTATATTGCTTATTATCGGA	DNAJC3	DNAJC3
CTATCACCGGAGATACCACT	GALNT15	GALNT15
CTATCCGTACACACCCTCGT	GTF3A	GTF3A
CTATGGTGGCATACTGACAA	SLC17A3	SLC17A3
CTATTCTATCTATGTGTACA	H2BC3	H2BC3
CTCAAACCTATATCAAAAGG	MAN1A1	MAN1A1
CTCACAATCTCCCTCAAGGG	POLL	POLL
CTCACAGAGCAACAGTCGAG	NUP133	NUP133
CTCACCAGGGACTTCAGCCA	GALNT6	GALNT6
CTCAGAGCAGCTGTGCACGT	MAN2C1	MAN2C1
CTCAGCTAACGTATCGCGAG	NO_SITE_99	NO_SITE_99
CTCATCTTGTACCAGTACGC	HS6ST1	HS6ST1
CTCATCTTGTACCAGTACGC	HS6ST1P1	HS6ST1P1
CTCCAGCGATCAGAGCGTTA	SEH1L	SEH1L
CTCCCACAAACACCCGTGAT	DPAGT1	DPAGT1
CTCCCACGGTCGGCTAAGCG	ONE_INTERGENIC_SITE_23	ONE_INTERGENIC_SITE_23
CTCCCACTAGTATCACGTAA	EXTL3	EXTL3
CTCCCTGCTGACTTACACCG	SEC13	SEC13
CTCCGACCACGGCAACCCAG	UBE2J2	UBE2J2
CTCCGCGCGATGTAATCCGT	NO_SITE_100	NO_SITE_100
CTCCGGGGCCGGAAGCACCG	HS3ST3A1	HS3ST3A1
CTCCTAGACCAACTCCACAC	IFNW1	IFNW1
CTCCTCTATCAGCTCAGCGG	UST	UST
CTCCTTCGGCCATTATAGAG	MGAT2	MGAT2
CTCGGGGCAGGAAATACTTG	DPM2	DPM2
CTCGTGGGCCAGCAAAACTG	DUS1L	DUS1L
CTCTCCCAGTCATCCCAATG	PTK6	PTK6
CTCTCCGGTTCCAACCACTC	HS3ST2	HS3ST2
CTCTGCGGATAGAAGCCCAA	MMS19	MMS19
CTCTGGGTTACTGTTACTTG	SKA1	SKA1
CTGAAGAAGGACAATATACA	DDX6	DDX6
CTGACACGACCGAACGATCG	NO_SITE_101	NO_SITE_101
CTGACATGTTGGCTGAATCG	MADD	MADD
CTGACCAACGTGCTCGTGGG	PIGG	PIGG
CTGACCTGATGACATCGACG	GALNT12	GALNT12
CTGACGATCGCGGACGTAAA	NO_SITE_102	NO_SITE_102
CTGACTGGATCGCGCGTATT	NO_SITE_103	NO_SITE_103
CTGAGACACGAAGGACACGG	TELO2	TELO2
CTGAGAGTGGTCATGATCCG	STIP1	STIP1
CTGAGGAAACTGCCTCCATG	WDR12	WDR12
CTGAGGCGTAACCCAGCGCA	RABGEF1	RABGEF1
CTGATAATAGAAAGATGTCT	SSR3	SSR3
CTGATACACGTACTTGTCTA	RPS12	RPS12
CTGATCAAACATGTCCACAG	PTCD3	PTCD3
CTGATCAGATAAAACAGGTA	TIMM9	TIMM9
CTGATTACATGGAGTATGCT	ALG13	ALG13
CTGCACCCCAAAAGGTGACG	CSGALNACT1	CSGALNACT1
CTGCACGCTATGGGCAACTT	ONE_INTERGENIC_SITE_24	ONE_INTERGENIC_SITE_24
CTGCAGAGATCCATCCCAAG	ATXN10	ATXN10
CTGCAGCGCAACTCTCGCGG	CMAS	CMAS
CTGCAGGAAGCGGACTACGT	B3GNT6	B3GNT6
CTGCATAAAGACCAACTCCT	PIH1D1	PIH1D1
CTGCGAGTCGTTACTCGACG	NO_SITE_104	NO_SITE_104
CTGCGCCCATACCTCCGGTG	MGAT4B	MGAT4B
CTGCGCCTATAAATGATGTG	ADAMTS9	ADAMTS9
CTGCGCGACGCGAACCGGTT	NO_SITE_105	NO_SITE_105
CTGCGGCAGCGCTTTAGGTG	VPS51	VPS51
CTGCGTTACAAACTCCTAGG	RPS3	RPS3
CTGCTAGCGCGCGCGAAAAT	NO_SITE_106	NO_SITE_106
CTGCTCCCCAGTCTCGACTT	NEU2	NEU2
CTGCTGCTCATGATCGAGCG	CHST14	CHST14
CTGCTGCTTCACATGTACGC	PET117	PET117
CTGCTGTGTACAATGACCGA	ZBTB38	ZBTB38
CTGCTGTGTAGAGTATAGAG	DPP4	DPP4
CTGCTTAGGACCAACTCACG	PARS2	PARS2
CTGGAACTTTGGGCCACCCA	FXN	FXN
CTGGACAAGATCATCAACGG	NDST1	NDST1
CTGGACAGCAACCACACGGT	IDUA	IDUA
CTGGAGATTACTCTGGAAGG	FERMT2	FERMT2
CTGGAGCGGGGATACACGGT	SNX24	SNX24
CTGGATAAAACGCCAGCTTG	VPS53	VPS53
CTGGCAACGTGCGGGCGTAG	SLC35A2	SLC35A2
CTGGCCGTCATCACGCAGGG	GALNT9	GALNT9
CTGGGAATCTTCATTCCGTG	ATXN10	ATXN10
CTGGGCAGGACCGGTTCTCA	RPS28	RPS28
CTGGGCAGGACCGGTTCTCA	RPS28P7	RPS28P7
CTGGGCATCATAGCCAACCG	HYAL3	HYAL3
CTGGGTTCAACTAAAGCGCC	RPL21	RPL21
CTGGTGATGTTAATGCATCC	CD160	CD160
CTGTAAAACCCAGATGCGAT	PTAR1	PTAR1
CTGTACAGCACGTGGTTGTG	STIP1	STIP1
CTGTAGTAGGGGACAATCCG	CHPF2	CHPF2
CTGTCCCTACACCAAAGTGG	ALG12	ALG12
CTGTCCTACCTGTATCAATG	MAN2C1	MAN2C1
CTGTCCTTACCCATGCTGAA	AWAT2	AWAT2
CTGTGCCATTAAAAACAACA	ZCCHC8	ZCCHC8
CTGTGCTAGTGCAGCCCTGT	PIGY	PIGY
CTGTGGAATAAGCCATTGGT	OSGEP	OSGEP
CTGTGGGCATCGGACCAATG	ZPR1	ZPR1
CTGTGGGTATTGATGAACAT	MAN1B1	MAN1B1
CTGTTCATAGAACCGCTCCA	PELO	PELO
CTGTTCTTAAAATGCTACTG	CHSY3	CHSY3
CTGTTTGCAAGCGATGAGCA	CCNO	CCNO
CTTACAGGTGAATATGAGAA	TOMM20	TOMM20
CTTACCTGCTAGTTGGTGCA	DYM	DYM
CTTACTCAAATGGGTCGCTG	GALNT10	GALNT10
CTTACTCTTTCGATCCCCCT	SRSF10	SRSF10
CTTAGAAATGATCGACGAGA	GALNT2	GALNT2
CTTATCTACCAAATTCTCCG	MAPK14	MAPK14
CTTATCTGTAGGACAAGTGT	SELENOK	SELENOK
CTTCAACCTGCTGTACAGAT	MGAT4A	MGAT4A
CTTCACTACAGAGAGCATGT	ALG11	ALG11
CTTCATCTCTTGGATCAAAG	CBLB	CBLB
CTTCATGGAAATCCCACCAC	EXTL3	EXTL3
CTTCCAAAAAATTGGCAAAG	TARBP2	TARBP2
CTTCCGGCAGAATCGAAGCG	HYAL2	HYAL2
CTTCCGTTTACGTCGTCGTT	NO_SITE_107	NO_SITE_107
CTTCGATGCGATCGCGTCAT	NO_SITE_108	NO_SITE_108
CTTCGCGCGACTACGATTCA	NO_SITE_109	NO_SITE_109
CTTCGTGCCCCCAATCGGGG	MAN1A1	MAN1A1
CTTCTGGGTCATTCACAGGG	ALG3	ALG3
CTTGAGCAGATCAAACCACT	VPS54	VPS54
CTTGATCAGTAAAAACTATG	SPAM1	SPAM1
CTTGGAACCTACCCTCAAAG	PDIK1L	PDIK1L
CTTGGATCGTACGTACGACG	NO_SITE_110	NO_SITE_110
CTTGGCAAGAATCTTGCCCC	RPL21	RPL21
CTTGGGCCGAAAATGCCATG	NSDHL	NSDHL
CTTGGGCCTCGAGTGAAACG	GALNT11	GALNT11
CTTGGTCCAGTCGATGACCT	EXTL1	EXTL1
CTTGTGGCAGTGCATCGTAG	GALNT8	GALNT8
CTTGTGGCGGATGTACTCGA	MGAT3	MGAT3
CTTGTGGTTGAGAACCACGA	AGPAT4	AGPAT4
CTTTAACAACCCTAAAGTTC	BTF3	BTF3
CTTTAACTGGATTTGCATCG	DERL1	DERL1
CTTTAGCTTGATATGCAACG	NIPBL	NIPBL
CTTTCGCAATGCCTTCACCT	SGSH	SGSH
CTTTGGCAACACGACCATTG	DPAGT1	DPAGT1
GAAAAGGTCTGATCACTGCT	GALNT3	GALNT3
GAAAATCCCAAAGTGTCCAG	B4GALT4	B4GALT4
GAAAATTAATCTGGCCACAA	RFT1	RFT1
GAAACAAGCTCTGCATATGG	HPSE	HPSE
GAAACCATCGATATTGCAGT	OSGEP	OSGEP
GAAATACCAATATTGGGCTG	PIGC	PIGC
GAAATACCTGCTGCTCGGTA	MOGAT1	MOGAT1
GAAATGATCGCGCGACGATC	NO_SITE_111	NO_SITE_111
GAAATTCTAGCAGGTTGGTG	B3GNT7	B3GNT7
GAACAACACGGAGATCCAGT	ZPR1	ZPR1
GAACACAATGATCACGCTGG	GALNT6	GALNT6
GAACACCTTCATTCCGAGAG	CHST2	CHST2
GAACAGCTATATGTCTACGA	GOPC	GOPC
GAACATGGATACCCCGCCAG	GOPC	GOPC
GAACCAGCGTATATTGCACG	CDC45	CDC45
GAACCCTTACCTTCTACCGA	DDOST	DDOST
GAACGCTTCAGCCCAATTCG	SMG1	SMG1
GAACGTTTCGTCGCGAACCG	NO_SITE_112	NO_SITE_112
GAACTACAAGAATCCTGACC	VRK1	VRK1
GAACTGGGCATATCTAGATC	KLF5	KLF5
GAAGAACAAGCGCCAAGACG	ZC3H13	ZC3H13
GAAGAACTCGCCCACGAACG	CHST3	CHST3
GAAGAACTGGTCTACGACTG	KLF5	KLF5
GAAGAATAGCGATCGAACGG	NO_SITE_113	NO_SITE_113
GAAGACAGACGGAAAAAGGT	DCAF4	DCAF4
GAAGACCATAACCGCGAGAA	ONE_INTERGENIC_SITE_25	ONE_INTERGENIC_SITE_25
GAAGACGCCATAGAAAACCA	PIGM	PIGM
GAAGACTTTACGCGCGCTAA	NO_SITE_114	NO_SITE_114
GAAGAGGCTTCCATTAACGT	EXOC2	EXOC2
GAAGAGTGGGCAGACCCGGT	PIGC	PIGC
GAAGATCACAGGGATAGGGT	EXTL2	EXTL2
GAAGATCATGAAAAATACGG	MRPL30	MRPL30
GAAGATGAGCACCTATCTGG	ERAP1	ERAP1
GAAGCACTACCCATATTCGC	ALG14	ALG14
GAAGCAGCGTTTCCGCGCGT	ATOH8	ATOH8
GAAGCATACGCGAACGCGTA	NO_SITE_115	NO_SITE_115
GAAGCCACAAAATCCAAGGA	ALG10	ALG10
GAAGCCACAAAATCCAAGGA	ALG10B	ALG10B
GAAGCCGAAGTTATGAAAGG	SRSF10	SRSF10
GAAGCCTGTTCTTGAAGTTG	TOMM20	TOMM20
GAAGCCTGTTCTTGAAGTTG	TOMM20P4	TOMM20P4
GAAGCGTCAGAAGATACAGA	ZC3H13	ZC3H13
GAAGCTACACTTACTCCAGT	ST3GAL3	ST3GAL3
GAAGCTATTGATGCCACGCA	GPAA1	GPAA1
GAAGGAATTAAGACATGGTG	SUPT16H	SUPT16H
GAAGGCATGAAGTTTGATCG	HSPD1	HSPD1
GAAGGCATGGAAGTCTACGG	GALNT18	GALNT18
GAAGGTGTATCCTTGCAACT	GLCE	GLCE
GAAGTACTCTCATGGAGACA	MED24	MED24
GAAGTCAAGAGGTACCCCAA	FXN	FXN
GAAGTCACCTTTACTCCCCT	MARCO	MARCO
GAATAACTCTGTGTCACCCT	TLE3	TLE3
GAATACCTCTAGCCATTCAG	TFRC	TFRC
GAATACTATAGACCAAGGGA	YTHDF2	YTHDF2
GAATACTTAAGCAATATGGT	BLMH	BLMH
GAATAGTAACATCTCCAGTA	ARL1	ARL1
GAATCAAATGATAAACTGCG	SEH1L	SEH1L
GAATCCCAGTAGTGGACAGT	MAN1A1	MAN1A1
GAATCCGAAACAACGCGCGT	NO_SITE_116	NO_SITE_116
GAATCGTAATAGCTCGGGAT	ONE_INTERGENIC_SITE_26	ONE_INTERGENIC_SITE_26
GAATCTCCTTGTTTAACACG	NIPBL	NIPBL
GAATGATGTAAAATAACCTG	UST	UST
GAATGTCAGTACCTTGATTG	SUPT16H	SUPT16H
GAATGTCCTAGGGATCTGGT	GAB2	GAB2
GAATTAAAGGATGTCAAACA	SECISBP2L	SECISBP2L
GAATTCTACAACATTCCTCA	EDEM2	EDEM2
GAATTCTACAACATTCCTCA	MMP24-AS1-EDEM2	MMP24-AS1-EDEM2
GAATTGTTCCACCAAAAACG	GPLD1	GPLD1
GACAACAGCCGACTTCACCG	GAB2	GAB2
GACAAGAAGTAAGATGCTAA	GPLD1	GPLD1
GACAGAGCAGAGTACGTCCG	STAP1	STAP1
GACAGCTGTCAATGAGACTC	CENPE	CENPE
GACAGTTTAACGACCGTACG	NO_SITE_117	NO_SITE_117
GACATATTCGCGTTCGATCG	NO_SITE_118	NO_SITE_118
GACATCCAGTAGGTTCACAG	ASIP	ASIP
GACATCGCGATATCGTACGC	NO_SITE_119	NO_SITE_119
GACATCTCGACGATCTTACA	EIF5A	EIF5A
GACATGGGTCCACCGCTATG	SLC2A1	SLC2A1
GACATGTTGAAGATGCGTCG	HS3ST2	HS3ST2
GACCCCCTCTGTTCCACACG	CINP	CINP
GACCCGAAAGAGGCGCGCAG	CERS1	CERS1
GACCCGATGAACATAGACAC	MAN1A2	MAN1A2
GACCGCAACCTATACCGCTG	B4GALT2	B4GALT2
GACCGGCAATCTCTATGAAG	TAMM41	TAMM41
GACCTAGGCTGGAACGACGT	ARSB	ARSB
GACCTGTTGGTACCACATCT	POLL	POLL
GACGCCCAACCATAATCAGC	SMPD3	SMPD3
GACGCGTACCTTAATAGGCA	RPS2	RPS2
GACGGCATGTGCAACCAGGG	OSTC	OSTC
GACTCGCGAGTACGAACGTC	NO_SITE_120	NO_SITE_120
GACTCTCTTATGTCGCTGCG	GALNT15	GALNT15
GACTGCATTGCATACACCAA	OSGEP	OSGEP
GACTGTTGTCCGACGCGACA	NO_SITE_121	NO_SITE_121
GAGAACTCCTCGTACCAACA	CHST15	CHST15
GAGAAGTTCTACATCCCTGG	CALCOCO2	CALCOCO2
GAGAATTCTGTATACGACTG	BLMH	BLMH
GAGACAGGCTGGACTCAGGT	ATP5F1E	ATP5F1E
GAGACCCCTCACCTCCAGAG	EXTL1	EXTL1
GAGACCTGAATACCAGAGCC	NEU1	NEU1
GAGACTCAACTATATTCACT	METTL16	METTL16
GAGAGAGTCGTAATAATGCA	HSPA4	HSPA4
GAGAGTCTGCACTAACCCCG	GTF3C5	GTF3C5
GAGATTCTCCAACTAAATGG	U2SURP	U2SURP
GAGATTTCACGTAACGACGA	TMEM30A	TMEM30A
GAGCACATCCTTTGGCACGT	PIGQ	PIGQ
GAGCACGTCGCGGTACACCA	CHST3	CHST3
GAGCAGGTGTATGATCTCGA	RPS5	RPS5
GAGCGAACATGGCAGCGCGT	MAGT1	MAGT1
GAGCGACACGCCCAGCATGT	OST4	OST4
GAGCTTTGATATTACCAACG	MANBA	MANBA
GAGGAAGCTGAGTCAAAGCG	PIGS	PIGS
GAGGAATAGCATGGAGTCAG	GCNT3	GCNT3
GAGGAGAAATGATCGAAGGT	CTIF	CTIF
GAGGAGGATCAAAAATTGAT	ICOS	ICOS
GAGGAGGCACACACTTCCGG	TIMM10	TIMM10
GAGGCAGTGCGGGTATACAC	NAGLU	NAGLU
GAGGCCACCAGCAAACGTCG	GALNT6	GALNT6
GAGGCCGTACCTGTAATGGC	GALNT16	GALNT16
GAGGCCTGGAAATCCGTGTG	NDST2	NDST2
GAGGCGTTCGCCACGCACGG	B3GNT6	B3GNT6
GAGGTAGTGTCAACTGCTAT	VPS54	VPS54
GAGGTGACAGCCTTCTACCG	IRF3	IRF3
GAGTACATCCTGTACGACGT	SMPD3	SMPD3
GAGTAGAAACGCCCCGTCCA	STT3A	STT3A
GAGTATGCCATGATGTATGT	PIGU	PIGU
GAGTCCAGCCTGTCTCCAGT	ATP5F1E	ATP5F1E
GAGTCCAGCCTGTCTCCAGT	ATP5F1EP2	ATP5F1EP2
GAGTCCATTCCTCTTCGAGG	CHSY1	CHSY1
GAGTCGCGAGATCGCCGTTA	NO_SITE_122	NO_SITE_122
GAGTCGCGCAATGTTCATCC	PKLR	PKLR
GAGTCGTCCACACCCCGTAG	CHSY1	CHSY1
GAGTGCAGGCCGCACAACCT	SEC61B	SEC61B
GAGTGGCTCACCATCCAGGG	KRTCAP2	KRTCAP2
GAGTGGGGCCAAAGGCTGCG	RPS3	RPS3
GAGTTATCAGAGACATTGAG	PET117	PET117
GATAAAGCAAAAATCAACCA	FERMT2	FERMT2
GATACGACTCGCCGCCCGTT	NO_SITE_123	NO_SITE_123
GATAGGGCACAGGTACATTG	HNRNPF	HNRNPF
GATATAAGGCTCCATGAGGT	TADA2A	TADA2A
GATATCTTCGAGATTTCTTG	SPTLC2	SPTLC2
GATATGGTGCCCATAAACCG	CD207	CD207
GATATTCTTGTGAACTTGAG	MRPL30	MRPL30
GATCAATCAGCTGATCGCCG	MGAT2	MGAT2
GATCACACCCCGGACGAGCA	ENGASE	ENGASE
GATCACATGCTTGATTTGCA	VAC14	VAC14
GATCAGGACTTACCCTACAG	RPN2	RPN2
GATCCAATTACACGTCAAGT	UBR2	UBR2
GATCCACCCGTGTTCCCACG	GALNT4	GALNT4
GATCCACCCGTGTTCCCACG	POC1B-GALNT4	POC1B-GALNT4
GATCCACGATTCTTACACCT	CDH9	CDH9
GATCCGCGCCAACAAGAGAG	GALNT12	GALNT12
GATCCGTCCATCATTCATGA	HPSE2	HPSE2
GATCTAACGTACGACGAGTA	NO_SITE_124	NO_SITE_124
GATCTCATCATCGTGCAGTG	MAU2	MAU2
GATCTCTGGTCTGATCTACG	H4C1	H4C1
GATGAAAAGGCCTCTCACGC	HOMER2	HOMER2
GATGAACCTGTACGCCACCT	PACS1	PACS1
GATGAAGATGGGTATGCCCG	GALNT7	GALNT7
GATGACCAATAATGTACCGG	RINT1	RINT1
GATGACGTCCTGATATGTAG	PIGT	PIGT
GATGATTAATCGCGCGCCAA	NO_SITE_125	NO_SITE_125
GATGCCTAGGCTATTAACGC	ONE_INTERGENIC_SITE_27	ONE_INTERGENIC_SITE_27
GATGCGATTTCGGGACTCGG	NACC1	NACC1
GATGCTATACGCGCGATAAC	NO_SITE_126	NO_SITE_126
GATGCTGGAATGGATATTTG	GALNT1	GALNT1
GATGGAGCAAGGTATACAAG	DYM	DYM
GATGGGGACTCACCCCCGAG	MPI	MPI
GATGGGTTCCAACAGCGAAG	MPI	MPI
GATGGTCTGGGAGAAATGTG	DPYSL4	DPYSL4
GATGTAGATGATCCGCTGAA	SPATA18	SPATA18
GATGTATACGTAGCGCGCGG	NO_SITE_127	NO_SITE_127
GATGTCAGTGCAGTTGCCAA	PIGN	PIGN
GATGTGAACCAGTCTCCTCG	MADD	MADD
GATGTGTACTCGTTCTCTCA	RAI1	RAI1
GATTCTTACTATACCATCTG	SEH1L	SEH1L
GATTGATCGGCAAACACAAG	VPS8	VPS8
GATTGCAAAGTAATACCCAT	CACNA2D1	CACNA2D1
GATTGGTGTAAGGAGCATCA	REXO2	REXO2
GATTGTATTAACTACACTAG	EXT1	EXT1
GATTTCCAGACACCGATAGA	HYAL4	HYAL4
GCAAAAGGGAAACCCAAACG	MAGT1	MAGT1
GCAAATGTTACAGGTCCTGG	YBX1	YBX1
GCAAATGTTACAGGTCCTGG	YBX1P1	YBX1P1
GCAACTCGTAATTCGCGCGA	NO_SITE_128	NO_SITE_128
GCAAGATGCCACTTTAGATG	HS2ST1	HS2ST1
GCAAGTCAAGTCCCTGTCGT	MTG2	MTG2
GCAAGTGATCCACGTCACGC	WWTR1	WWTR1
GCAATGGTACCAGAGTAGTT	TUSC3	TUSC3
GCAATTTGCAACGACAGCGG	VPS8	VPS8
GCACAACCACAACTGGCACG	RPN2	RPN2
GCACAAGTTTATAAATCCAG	ATIC	ATIC
GCACACTTACAACCTCGTGC	PELO	PELO
GCACCCGTCTAAGTTCATGA	GCNT4	GCNT4
GCACCGAACGACGCGATTCT	NO_SITE_129	NO_SITE_129
GCACCGGCTACGTCGATCGA	NO_SITE_130	NO_SITE_130
GCACCTGTCGATCTACCTCT	ASXL2	ASXL2
GCACCTTCTGAAGCAATCCG	PPP1R15B	PPP1R15B
GCACTACAGTGGATCACCGC	PTPN2	PTPN2
GCACTGTACCATAATCAAGT	ZFP91	ZFP91
GCACTGTACCATAATCAAGT	ZFP91-CNTF	ZFP91-CNTF
GCAGAAAACGACCCCGTACG	ONE_INTERGENIC_SITE_28	ONE_INTERGENIC_SITE_28
GCAGAAGCGAGTAGACATCG	MADD	MADD
GCAGACATCCTTGTTCGGAG	PARP16	PARP16
GCAGACGAACTCCAAGATTG	TAF6L	TAF6L
GCAGACTAATGTGTTAAGCA	RINT1	RINT1
GCAGAGAGGAGGCGTTCCAA	CHST14	CHST14
GCAGATGTACAGCCGTCAGC	KRTCAP2	KRTCAP2
GCAGCAATGTGCATTGCTGT	FH	FH
GCAGCAGTCTGATTCCCCAA	ALG11	ALG11
GCAGCCCTACCCACCCCTAG	ZNF341	ZNF341
GCAGCCTTGTAGCTGCAAAG	HS6ST3	HS6ST3
GCAGCGTGTGGTCCGCCATG	METTL1	METTL1
GCAGCTGCACACATAATGCA	ADAT2	ADAT2
GCAGCTGTCCAAGGCGAATG	GNS	GNS
GCAGCTTCACAAGCCAACCC	ZBTB38	ZBTB38
GCAGGATATGATCAATGAAG	CALM1	CALM1
GCAGGCTGTCAGGAAATGAG	GALNT18	GALNT18
GCAGGGTAGATGCAAACAGA	TADA2A	TADA2A
GCAGTGATGATCCATTGCAT	PACS1	PACS1
GCAGTGCAAAGTGTACGACT	CLDN5	CLDN5
GCAGTGGGACACAGAGCACG	PIGL	PIGL
GCAGTGTATTGCCATGGGAA	MAN2C1	MAN2C1
GCAGTTCTGTCCACAGCTCA	PLA2G2F	PLA2G2F
GCATAGCGGTCGTGCGTCAC	NO_SITE_131	NO_SITE_131
GCATAGTCGTTGTCACGACA	METTL16	METTL16
GCATCGCGTCGTCGATATTC	NO_SITE_132	NO_SITE_132
GCATCTCATCCAAGGCCATG	H2BC3	H2BC3
GCATCTCGTAGAACATTGCT	VPS53	VPS53
GCATGGTGAAAACTATAGTG	GNS	GNS
GCATTACAGCTCGCAATGTG	INPP5F	INPP5F
GCCAAAAGCTTTAATAACTG	FH	FH
GCCAATATCAAACGAGAACA	OGT	OGT
GCCACAGAAACACAGATCAG	SPATA18	SPATA18
GCCACCAGCCTACCTTGCAA	RPS2	RPS2
GCCACCTATTCCTACAGACA	CHRAC1	CHRAC1
GCCACTGGTCCAAGCTGACG	ZNF787	ZNF787
GCCAGAGATGCCTGAACTTT	BTF3	BTF3
GCCAGCTAGGGTACCCACCA	ZCCHC8	ZCCHC8
GCCAGGGTTACATTCGTCGG	TSC22D2	TSC22D2
GCCATAGCAGCAAGTTTGCC	MRPL13	MRPL13
GCCATCGCGTCGGTTCTATC	NO_SITE_133	NO_SITE_133
GCCATCTTCGCCAACATGCT	OST4	OST4
GCCATTAAGGTGATTTCTCG	PTK6	PTK6
GCCATTGATCTGATGTACGG	USP22	USP22
GCCCACGTGGAGTTCAATGT	GALNT18	GALNT18
GCCCAGAATGGATCTCCGTG	MGAT4B	MGAT4B
GCCCCACGGCATGCCGAATG	ONE_INTERGENIC_SITE_29	ONE_INTERGENIC_SITE_29
GCCCCAGTGTGCAAACAGAG	GALNT18	GALNT18
GCCCCCGATCGGGTCGAATT	NO_SITE_134	NO_SITE_134
GCCCCGCAACGACTCACCCG	SELENOS	SELENOS
GCCCGACCTGAGCAGCATTG	MGAT1	MGAT1
GCCCGAGCGTGAAACGCGTA	NO_SITE_135	NO_SITE_135
GCCCGCAATGCGACGTTACG	NO_SITE_136	NO_SITE_136
GCCCGCACTCACCACGGTTA	ONE_INTERGENIC_SITE_30	ONE_INTERGENIC_SITE_30
GCCCGCGTTGCGCTGCTCAG	B3GAT2	B3GAT2
GCCCGCTGAGGTCACGACCA	ICAM1	ICAM1
GCCCGGTGGCGTTTATTCGG	SPAM1	SPAM1
GCCCGTGTTGAACTCGACGT	GALNT9	GALNT9
GCCGCCGGTTTACCTGTGTG	AWAT2	AWAT2
GCCGCGCAAGCCACGTGCTG	B3GALT6	B3GALT6
GCCGCTCAGTACACCACCGT	SGSH	SGSH
GCCGGCGGACACCAGCAAGT	DPM3	DPM3
GCCGGCTGCAATGAACGCGT	GTF3A	GTF3A
GCCGGGACAAAACCCGAAAG	RNPS1	RNPS1
GCCGTATGGTCCAATTCCTG	IDS	IDS
GCCGTCGTCGCGTCGATTGT	NO_SITE_137	NO_SITE_137
GCCTAACAACCGGCACATCA	EXT2	EXT2
GCCTAGCATGACCCGCCGGT	CHST1	CHST1
GCCTCATAGACCACCCATCG	SEC13	SEC13
GCCTCTTACCTGAACCCACG	TOMM40	TOMM40
GCCTTGAATTGTACGATAGG	U2SURP	U2SURP
GCGAAAGCACGTAAACCGCG	ALG12	ALG12
GCGAACCTGAGCAGCTACGC	JUND	JUND
GCGAAGCCAGAATGCCGCGG	CHST1	CHST1
GCGACAACGCTACGCGTATC	NO_SITE_138	NO_SITE_138
GCGAGAATATGTGATGTCAA	DGAT2L6	DGAT2L6
GCGAGCGATTGAGCACACTG	GALNT10	GALNT10
GCGAGCTTCCTCCTCACCGG	HS3ST3B1	HS3ST3B1
GCGCACAACATGGGCCCGAA	POLL	POLL
GCGCCACAAGCCGTAAGCGG	CHST11	CHST11
GCGCCACAGAGACATATAAG	ALG9	ALG9
GCGCGCCATCTCCGCGCAAG	CHST13	CHST13
GCGCGCCGTAGATCGACGAC	NO_SITE_139	NO_SITE_139
GCGCGGTCGATAGCGACCGA	NO_SITE_140	NO_SITE_140
GCGCTGCGAAATCTGAAGTG	TRADD	TRADD
GCGGACACTAGCCTCTCGAA	CHST11	CHST11
GCGGACCAGGCCTTTGCACG	TRAF2	TRAF2
GCGGAGCTCGCGGTGCCACA	RPRD1B	RPRD1B
GCGGAGGGGACGGTCAACGA	MALSU1	MALSU1
GCGGCAACGCGCGTATCGCA	NO_SITE_141	NO_SITE_141
GCGGCAGTTGATGAGCACTT	SNRPD2	SNRPD2
GCGGCCTCCGCCCCAAAAGG	DMRTB1	DMRTB1
GCGGCTCGAGTCGTCGATAA	NO_SITE_142	NO_SITE_142
GCGGCTCTTCAATGACCCAG	ALG3	ALG3
GCGGGTCTGACAAAAGATGA	CDH9	CDH9
GCGTCAAGACCGTGAAGACG	STX18	STX18
GCGTCACGATCGTCCGACGA	NO_SITE_143	NO_SITE_143
GCGTGTGAGATGCAGTAGCG	NDST2	NDST2
GCGTTGAAGTCAAAGCGGAA	MAN1C1	MAN1C1
GCTAATCTTCAGTACACGGA	PIGQ	PIGQ
GCTATAAGCGTTATGCAATG	MAN1C1	MAN1C1
GCTATACATTCATAGCACCA	CACNA2D1	CACNA2D1
GCTATACCATGTCAGACTCG	ATXN2L	ATXN2L
GCTATAGCTGGTCATCACTA	IFNW1	IFNW1
GCTCAAACATGTTGACCCCG	MBTPS1	MBTPS1
GCTCAAGTTCGACGTGAAGA	MAFB	MAFB
GCTCACCGAAGTCGGGCCGT	HOXD4	HOXD4
GCTCAGTTACTCACAGTACA	ICAM1	ICAM1
GCTCATAAATATAATCCCAG	POLR1A	POLR1A
GCTCATTGGACCACGTCGGT	ONE_INTERGENIC_SITE_31	ONE_INTERGENIC_SITE_31
GCTCCCGCTTAAATATGATG	DOLPP1	DOLPP1
GCTCCGCTTTCTGCACCGGG	B3GAT2	B3GAT2
GCTCGACTTATACCGCGCTA	NO_SITE_144	NO_SITE_144
GCTCGCGGATCGTATCGTTA	NO_SITE_145	NO_SITE_145
GCTCGTGATAAACGGCCTTG	XYLT2	XYLT2
GCTCGTGCGAGTGATAGACC	PARS2	PARS2
GCTCTACGCGACGCCGTTAA	NO_SITE_146	NO_SITE_146
GCTCTTTCTGGCAATGGCGA	PIGP	PIGP
GCTGAAATGAAGGAACGAGG	SMG9	SMG9
GCTGAAGGGAACAACTCCGA	EMC1	EMC1
GCTGACCGTGAACGATACAG	TIGIT	TIGIT
GCTGAGAAAAGTGCACTCCA	SPATA18	SPATA18
GCTGAGCCTGCACACCAAAG	BPIFB3	BPIFB3
GCTGATGAAGCTGTCACTCG	HSPA4	HSPA4
GCTGCAGCTTCTTCCAATAG	PMM2	PMM2
GCTGCATCTAGACCTAGCCG	ZFP91	ZFP91
GCTGCATCTAGACCTAGCCG	ZFP91-CNTF	ZFP91-CNTF
GCTGCCTCTATCCCGCATCC	CHRAC1	CHRAC1
GCTGCTCTCGGTCGGCCGTG	MTG2	MTG2
GCTGGAGTCATATATCCTCG	BSN	BSN
GCTGGATCAGAGCAACCAGT	B4GAT1	B4GAT1
GCTGGATGTTACGCACCAAG	HS6ST2	HS6ST2
GCTGGCCTATCACCAAGGCG	DNLZ	DNLZ
GCTGGGATGTGCTATGTCGG	COG1	COG1
GCTGGGCACCAACGGCACGT	CHST6	CHST6
GCTGGGTCGATGCGCGATTA	NO_SITE_147	NO_SITE_147
GCTGGTACTTTAACAACATG	G3BP1	G3BP1
GCTGGTCGCGTACCGTAATA	NO_SITE_148	NO_SITE_148
GCTGTATATACTGCTGACCG	DAD1	DAD1
GCTTCGCAGCCTGCTAACCA	ATXN7L3	ATXN7L3
GCTTGTCCAAGTAACCGACT	EMC4	EMC4
GCTTGTTGTAGTGTGCCAGG	H2BU1	H2BU1
GCTTTGAGAAGGTCGTACAC	TARBP2	TARBP2
GCTTTGGCTACCTGTTGTCA	CHPF2	CHPF2
GCTTTGTCCGCTTGAAATGT	METTL1	METTL1
GGAAAAGATACCGAAGTATG	FUCA2	FUCA2
GGAAACAGATCAGAATGCAA	HSPA4	HSPA4
GGAAATCATCGCCAACATGG	DNAH5	DNAH5
GGAACAACGCGCCGTTGTAC	NO_SITE_149	NO_SITE_149
GGAACAATCCCATTTCCTGA	HIKESHI	HIKESHI
GGAACAATCCCATTTCCTGA	HIKESHIP2	HIKESHIP2
GGAACACCAGAACATCCCCT	GALNTL5	GALNTL5
GGAACACCTTCGAATACCTG	GALNT12	GALNT12
GGAACAGGAGCGATTCAGCA	MAN2A2	MAN2A2
GGAACCCAAGCGGTCCCGAA	HOXD4	HOXD4
GGAACCCTCCAAGTACGGTG	GMPPB	GMPPB
GGAACCTGCGTACAACCACG	MGAT5B	MGAT5B
GGAACGGCGGTATCCCAAGG	TADA2A	TADA2A
GGAAGAACACCGCAAGATCG	MRPS18A	MRPS18A
GGAAGACGGAACACTTCCGA	B4GALT7	B4GALT7
GGAAGTTTACCGCTCGTCCG	NO_SITE_150	NO_SITE_150
GGAATAAGAACAGTCAACGT	PIGY	PIGY
GGAATACCGATGTTGGAACA	RLF	RLF
GGAATTAAGAGCCGACCCAA	HYAL4	HYAL4
GGACAAAGGCGATTCTGACC	XYLT1	XYLT1
GGACAAGAAGGTCATCGGTG	YBX1	YBX1
GGACACTGTAAACTGTCCGA	GALNT12	GALNT12
GGACAGCGTGTAGATACTGT	FURIN	FURIN
GGACATGATGGATGGACGCG	ALAD	ALAD
GGACCCGACTGATCTGAACG	VPS51	VPS51
GGACCTTATTCGTATATCGA	DCP1A	DCP1A
GGACGTTCTCATAAGAGGCT	RAC2	RAC2
GGACGTTTCGGACCGCGATC	NO_SITE_151	NO_SITE_151
GGACTAGAACACGTTCCTCT	GNS	GNS
GGACTCCGCTCGTACGATTA	NO_SITE_152	NO_SITE_152
GGACTCCTATCATAGCTGGA	GALNT14	GALNT14
GGAGACCAGAGCTCACCGAT	SHROOM2	SHROOM2
GGAGACCCCATACCGCCGGG	NAGLU	NAGLU
GGAGACCGAAAAGTGGATGG	ADAT2	ADAT2
GGAGAGAGCTGGGCTTTCCA	TOMM20	TOMM20
GGAGAGGGTTCATCTGATCG	ALG2	ALG2
GGAGATAGGTTGTCTCCACG	RFX6	RFX6
GGAGCAAGTAACAATCTCCA	GALNT13	GALNT13
GGAGCACTACATTCGGACAC	HYAL2	HYAL2
GGAGCACTATTTCCACGCCG	PIK3R6	PIK3R6
GGAGCAGCAATGGGCGACAA	MGAT2	MGAT2
GGAGCATCCCAAGCATCTGG	B4GALT4	B4GALT4
GGAGCCGGTCATTCTCATCA	HOMER2	HOMER2
GGAGCGAATGGCATATGCTG	ALG9	ALG9
GGAGCTCAACAAAACAAGGG	ANKRD17	ANKRD17
GGAGCTGCCGTTTGACAACG	MAN2A2	MAN2A2
GGAGGAAAGCCAAGTCGTCA	MOGS	MOGS
GGAGGACAAACACGAGAGCA	HBS1L	HBS1L
GGAGGCTTCGATGAAGAAAG	ASIP	ASIP
GGAGGCTTCTTTACGGGTTC	SKA1	SKA1
GGAGGTGATGTATGCCTACG	ARFGEF2	ARFGEF2
GGAGGTGCTACAAACGTGGT	ONE_INTERGENIC_SITE_32	ONE_INTERGENIC_SITE_32
GGAGTACCTGCAGATCCCAC	DERL2	DERL2
GGAGTCAGATCAAGTCCGCA	GMPPA	GMPPA
GGAGTCGATGAAGTTGAGAG	PIGT	PIGT
GGAGTCGCCAGTATTTACCG	PPIH	PPIH
GGAGTCTCTGTCCGCGCGGC	SELENOS	SELENOS
GGAGTTTATCCGAGTACACC	HS3ST2	HS3ST2
GGATACCGTACACGCGGTAT	NO_SITE_153	NO_SITE_153
GGATACGTGGACCCTTCTGG	SMAD4	SMAD4
GGATATAACTGAGAACCTCG	RC3H1	RC3H1
GGATCCGCGAAAACCACGAG	MAN1A1	MAN1A1
GGATCGAAACGTCGTACGCG	NO_SITE_154	NO_SITE_154
GGATGAGAGTGACCACGTGG	CERS1	CERS1
GGATGATCCTTAGAAAAGAG	EXT1	EXT1
GGATGGAAAGCTACGCTATG	PPA2	PPA2
GGATGTAGTAGGTATACGCA	NEU3	NEU3
GGATTCCAAACAACACACAG	DPP4	DPP4
GGATTTCCTGAAATGTTGGG	ATIC	ATIC
GGCAAGTATATCATAGAGGG	GLB1	GLB1
GGCACCAGGTAGTCCACCAT	NFKB1	NFKB1
GGCACGCGTATAACACTGCA	OGT	OGT
GGCACGCTAATGTTATACTG	TRAM2	TRAM2
GGCACGCTTCATCCGTACCA	SBDS	SBDS
GGCAGCGCCGAACAGTGCTG	MGAT1	MGAT1
GGCAGCGCTTACGGACAGAA	EXT2	EXT2
GGCAGGACGGGGAGTAGTAG	PIGH	PIGH
GGCATAGTCGCAAACATCTG	RICTOR	RICTOR
GGCATATTCTGCTAGCAGGG	METTL1	METTL1
GGCATCAAATACAACTGACA	PIGT	PIGT
GGCATCCGTTACCTCACCAG	PIGA	PIGA
GGCCACAGATGTCGGGACCT	CALR	CALR
GGCCCATTGACTAAAACCAA	PARS2	PARS2
GGCCCCTAACTATTTGTCCA	PIGX	PIGX
GGCCGAACATCGCGCGATCG	NO_SITE_155	NO_SITE_155
GGCCGCCAGCCACACCGTGC	PIGH	PIGH
GGCCGGCTGAGCATGAACGT	NACC1	NACC1
GGCCTCACCTTGGAACTACA	PIGT	PIGT
GGCGACTTCACCAACCACAA	PPIF	PPIF
GGCGATACTCAGAGCAGAAG	HMGB1	HMGB1
GGCGATTACCGCGTCTACAG	B4GAT1	B4GAT1
GGCGCCAAGGTCCCCGCGGG	B3GNT6	B3GNT6
GGCGCCGGTTGATCTCGGCG	CHST13	CHST13
GGCGCGCCGACGACTAATCG	NO_SITE_156	NO_SITE_156
GGCGGTAGTGAAATCCACTG	PTAR1	PTAR1
GGCGTATCGTCGCTCGCTAG	NO_SITE_157	NO_SITE_157
GGCGTCGCGCGAATACGCAT	NO_SITE_158	NO_SITE_158
GGCTCACCTGAACACACTGC	TRIAP1	TRIAP1
GGCTCTAGCTAGTAGTCAAG	PIGK	PIGK
GGCTGAATCGAGCTCGCTCA	CHST3	CHST3
GGCTGCCGGAAACAACATGG	MPI	MPI
GGCTGGGAGGAGGCGCCTAG	B4GALT1	B4GALT1
GGCTTCACCTCCGACAGAGA	TRADD	TRADD
GGGAAACAAGTCTGACCTAG	RALB	RALB
GGGAAAGTAAACGGAACCGG	ARGLU1	ARGLU1
GGGAACGGAACACGGCCCGG	CHST4	CHST4
GGGACGCGGACTTGCAAGTG	CHST14	CHST14
GGGAGATCGGCGGATCCCAG	XYLT1	XYLT1
GGGAGCATATCAAGGCTGTG	DUS1L	DUS1L
GGGAGCCGTTCATCTCATGG	TLE3	TLE3
GGGATCTGAATACACACGGT	MAU2	MAU2
GGGATTCCTCCGCATGACTG	CHST11	CHST11
GGGCAAAGTAACCCACATGA	CALCOCO2	CALCOCO2
GGGCACTGCAATATAGCACA	NEU3	NEU3
GGGCACTGTGGGCTATCGTG	DPM3	DPM3
GGGCCAAGTGTTGACGACCA	AGA	AGA
GGGCCCGACGCCAGTCGTTG	ONE_INTERGENIC_SITE_33	ONE_INTERGENIC_SITE_33
GGGCGACGTGAAATACGCGG	HS3ST1	HS3ST1
GGGCGCGTATCGCCACGGGT	CHST7	CHST7
GGGCGGCGGGATCCACTGTC	SEC61B	SEC61B
GGGCGGTTGTGTAACGACGC	NO_SITE_159	NO_SITE_159
GGGCGTAGACGTCAAAGTAG	B4GALT2	B4GALT2
GGGCTAAAGGACACCGACAC	B4GALT3	B4GALT3
GGGCTTCAACAAGCTAGCTG	DHDDS	DHDDS
GGGGAGTGATGAGCTACGTG	IRF3	IRF3
GGGGATGTCTAGGAGCTCGA	PET117	PET117
GGGGCACTCGTCGATCGTTA	NO_SITE_160	NO_SITE_160
GGGGGCCTGGTGGCTAACCG	EMC4	EMC4
GGGGGCGCAAGGCACAATGT	PARP2	PARP2
GGGGGCTACGAGGAGTACAG	HNRNPF	HNRNPF
GGGGGTCAAGACCTACCAAG	RPRD1B	RPRD1B
GGGTAGTTAGCGTCGACGCG	NO_SITE_161	NO_SITE_161
GGGTCAGAGACTTCAAACCA	PIGZ	PIGZ
GGGTCTGAATAAGACCCATT	PTPN2	PTPN2
GGGTCTGCAGAACTTCATCG	SBDS	SBDS
GGGTGACAGTGTGTTCACCA	ST6GALNAC1	ST6GALNAC1
GGGTGCACATAGCCCGTCTG	PIGZ	PIGZ
GGGTGGAAGTCTCACTGACA	WDR36	WDR36
GGGTGGCGGCAAGATGAATG	RRP9	RRP9
GGGTTCATCAATTCGCCCGT	ONE_INTERGENIC_SITE_34	ONE_INTERGENIC_SITE_34
GGTAACCTGGGAAGACATCG	VCP	VCP
GGTACAACGAACATTCCTGG	UBE2Z	UBE2Z
GGTACACCCAGTGCCTTAGG	PIGL	PIGL
GGTACAGGCTTATTCGCAAG	YLPM1	YLPM1
GGTATAATACAGTAATGCCG	PIGW	PIGW
GGTCAAAGGTCTGTCCCACG	YBX3	YBX3
GGTCACAGAGTTTCGAGACA	ZNF341	ZNF341
GGTCACTTATTACTCAAACA	DNAJC3	DNAJC3
GGTCCTAACAAACATAAGCA	PIGF	PIGF
GGTCGCGGTAGGGCGCACCG	CHST12	CHST12
GGTCGTCTTTCATTTCACCT	TRAM2	TRAM2
GGTCTCTGTAAGTTTATTGT	TIMM9	TIMM9
GGTCTGCAGGAGTCCAAACG	BPIFB3	BPIFB3
GGTCTTCTGTTCGCGCAAGT	AGPAT4	AGPAT4
GGTGAACACCAGGTAGTACA	PIGQ	PIGQ
GGTGAACATCCGCTACATCG	MAN1C1	MAN1C1
GGTGAACGTGACATCGCGGG	BPIFB3	BPIFB3
GGTGAACTTCTCCCTAGCTG	MARCO	MARCO
GGTGAGAAGAGACACATCGA	HSPA5	HSPA5
GGTGATCAATCCTTCAACAG	ZPR1	ZPR1
GGTGCACGTGAATTCGGGTA	HOXD4	HOXD4
GGTGCAGAACGTTAGCTGAA	MAPK1	MAPK1
GGTGCGCACAGCAAGATGCG	ATOH8	ATOH8
GGTGCGCACGAAATACTCGG	MGAT3	MGAT3
GGTGCGCGTAGGCATCCGAC	TRADD	TRADD
GGTGGCACTACAGTGTTCAG	SSR1	SSR1
GGTGGTCCACACGTGCCACG	CHST6	CHST6
GGTGTGTCTGGAATATAACG	CINP	CINP
GGTGTTCGATCAGATGCGAA	ZKSCAN5	ZKSCAN5
GGTGTTGATGATTAGCCCTG	AGPAT4	AGPAT4
GGTGTTGCGTGACAACATCC	H4C1	H4C1
GGTGTTTAGTCCACCTCGAA	RICTOR	RICTOR
GGTGTTTGCATTCCAGACGG	HYAL1	HYAL1
GGTTACTGTAGACATCACGA	B4GALT3	B4GALT3
GGTTATATCGATACCCAACC	INPP5F	INPP5F
GGTTATCAATATCGCGCCGT	NO_SITE_162	NO_SITE_162
GGTTCAGAACACTCAACAGA	LARP4	LARP4
GGTTGCCAGAGAGTTCAGTG	MAN1C1	MAN1C1
GGTTGGGTCACAACGACCAC	PLAC8	PLAC8
GTAACCGGTCCAGAACTGGT	MAN2B1	MAN2B1
GTAAGGATCTCACTTACCAG	LARP4	LARP4
GTAATCTTGTCGCGCGACTC	NO_SITE_163	NO_SITE_163
GTACACCGGGCTGTCAAGTG	ATXN7L3	ATXN7L3
GTACCGCTGGACGACGTATA	NO_SITE_164	NO_SITE_164
GTACGAGTCGAAGTTCGGAA	TOMM40	TOMM40
GTACGCTAGACTACGCTCGT	NO_SITE_165	NO_SITE_165
GTACGGACGATATCCGCGTA	NO_SITE_166	NO_SITE_166
GTACTCGCGGTCCACTACGA	GALNT9	GALNT9
GTAGAATCGCCACATCCCCC	SEC61B	SEC61B
GTAGAGCACGCCTCCCGTGA	CLDN5	CLDN5
GTAGATTCACTCTCGATCCG	SMG1	SMG1
GTAGCAACCGTAGCCCACGA	PLA2G2F	PLA2G2F
GTAGCACCGTGCCAGCCGTA	TMEM30A	TMEM30A
GTAGGATTACCCATTGGCCA	VRK1	VRK1
GTAGGGCAATTCGCGTCGAC	NO_SITE_167	NO_SITE_167
GTAGGGCTGGCAAAACGAGT	UXS1	UXS1
GTAGGTGAGTCCCATATGCT	ALG5	ALG5
GTAGTCACCAATGATCGTTG	FUCA2	FUCA2
GTAGTCATGACGTTCGCGAT	NO_SITE_168	NO_SITE_168
GTAGTGGGCGGGATCTGGCG	EDEM2	EDEM2
GTATAATTAACCGAACCCCA	GALNTL6	GALNTL6
GTATATTGCAAATACCGTAG	RPN2	RPN2
GTATGGTGGACTATGATGAG	TUSC3	TUSC3
GTCACACTCATACATGCCCA	MRC2	MRC2
GTCACCAATGAACAGGGCAT	SUPT16H	SUPT16H
GTCAGCGAAGAAGAGCACGC	B3GAT2	B3GAT2
GTCAGGATAATAGCTTTCAG	MGAT4A	MGAT4A
GTCATCGTTACTGTGCCAAG	EIF4B	EIF4B
GTCATCTCCAAGCAAGACAT	EDEM3	EDEM3
GTCATGGCGGAAGTGCTCAA	SLC35A2	SLC35A2
GTCATTGAAGTCTCTCACTG	RPN1	RPN1
GTCCAACAGATACAATTGCT	GOPC	GOPC
GTCCAATTATAAGTAAACAT	ATP6V0A1	ATP6V0A1
GTCCATATACCATCCAGTCA	ALG9	ALG9
GTCCATTACTAGTAACATCG	YTHDF2	YTHDF2
GTCCCCTCCGTATTGGACGG	CHST7	CHST7
GTCCCGCTCGAAGCTAGGTG	HS2ST1	HS2ST1
GTCCGGATGCAGATAACAGG	UXS1	UXS1
GTCCGTGAGTTCTAGCACGT	PDIA3	PDIA3
GTCGAACATCTGGTCCAGCG	SYS1	SYS1
GTCGAACATCTGGTCCAGCG	SYS1-DBNDD2	SYS1-DBNDD2
GTCGACCTAAAGCCTGACTG	STIP1	STIP1
GTCGCTGGCTTTCCGCACAA	PKLR	PKLR
GTCGTGGGTAAAGACAAGGG	CHRAC1	CHRAC1
GTCGTTGCGCATTACGATCG	NO_SITE_169	NO_SITE_169
GTCTCGATTGTTATCGCGAG	ONE_INTERGENIC_SITE_35	ONE_INTERGENIC_SITE_35
GTCTGAAGGAATTCGGGACA	CNOT6	CNOT6
GTCTGGGTTGAGTAAACTGA	PIGS	PIGS
GTCTGTCGGATCGACGCGAT	NO_SITE_170	NO_SITE_170
GTCTTCTTCACGTCGGACAA	GALNS	GALNS
GTCTTGATGTGTGTTACGCA	KLF5	KLF5
GTCTTGCAGGAATGACACCA	YBX1	YBX1
GTCTTGGAACAGCGACGACA	SNX24	SNX24
GTGAAAACATTTGTGCGAGG	U2SURP	U2SURP
GTGAAATTCTAACCTTGGCG	EIF5A	EIF5A
GTGAATATCATCTACACAGG	INPP5F	INPP5F
GTGACAGGAACTCCCTCGAA	GALNT16	GALNT16
GTGATCATAGTGGTCCACAT	PLA2G2F	PLA2G2F
GTGATCATATAGATACTGGG	UBE2J2	UBE2J2
GTGATGTTCAGCCAGCAACG	HGSNAT	HGSNAT
GTGCAACAGTTCAAGCGTGT	MGAT4A	MGAT4A
GTGCAATTAATATCACTACT	GCNT1	GCNT1
GTGCAATTTGCTCCTGACGG	ERAP1	ERAP1
GTGCAGCCGGTCTAACCGAA	PPFIA1	PPFIA1
GTGCATACGCGTACTCGATA	NO_SITE_171	NO_SITE_171
GTGCCAAATAATTATCCATG	RICTOR	RICTOR
GTGCCCATGACCTTTCAAAG	STAG2	STAG2
GTGCCCGTCAAGGGACACGC	DMRTB1	DMRTB1
GTGCGTTTGACGTACGTCGC	NO_SITE_172	NO_SITE_172
GTGCTGCACAAGGTAGCGAA	DHPS	DHPS
GTGCTGTCGGAGGTCCACCG	MAN1B1	MAN1B1
GTGGAACAAGCGTCGCAATG	PLAC8	PLAC8
GTGGACAGTTCTAAGCAACG	GALNT3	GALNT3
GTGGACCGGGACACCGTGTG	TNFRSF1A	TNFRSF1A
GTGGATAAGAGCTGTCCTAG	EDEM3	EDEM3
GTGGATCGTCCGCGCGTATT	NO_SITE_173	NO_SITE_173
GTGGATGAGCCAAAGGGACA	RPRD1B	RPRD1B
GTGGCCATAGCTCCGAATGC	HS2ST1	HS2ST1
GTGGCCGACCTGTCTTGCGT	MTG2	MTG2
GTGGCTGGTACGGAAAGCGT	GUSB	GUSB
GTGGCTGTCAAACCAGTCGG	ST3GAL2	ST3GAL2
GTGGTAGTAAATGACCGATG	FUCA1	FUCA1
GTGGTCTATAGCATATTGCA	CDH9	CDH9
GTGGTTAATACATACACTCC	HPSE2	HPSE2
GTGTAATTTAGAGAGCAGCG	RAD21	RAD21
GTGTAGAAGCCATTGCGGAT	GALNS	GALNS
GTGTATTGCCACATACCCCA	PIGW	PIGW
GTGTCATATCTGAAGCCACA	UBR2	UBR2
GTGTCCAATAAGATCAACGC	GMPPB	GMPPB
GTGTCCAGGATGCTAGAGAG	HEXA	HEXA
GTGTCTCGCGCGGTCGATAT	NO_SITE_174	NO_SITE_174
GTGTGGCAAGGCCTTCATCA	GTF3A	GTF3A
GTGTGGCTTATGATACCCAA	IDS	IDS
GTGTTCCTGACGGGCGCACG	CHPF	CHPF
GTGTTGGCGATCGTCGATAG	NO_SITE_175	NO_SITE_175
GTTAACTGCCACCTCACAGT	GALNT7	GALNT7
GTTCAGTTAAACTGAGAAAG	CALCOCO2	CALCOCO2
GTTCATGATTCCCATAGCCT	H2BC14	H2BC14
GTTCCATGGACGTTACGCCC	ALG14	ALG14
GTTCGACGAAGCCAAGTTCG	FUCA1	FUCA1
GTTCGATGCGCGTACTACCG	NO_SITE_176	NO_SITE_176
GTTCGTATAAACGGTCGTCG	NO_SITE_177	NO_SITE_177
GTTGACAGCTACGTCGTAGG	PIH1D1	PIH1D1
GTTGACCTGCTATCGCCCAG	PPFIA1	PPFIA1
GTTGGTACTGGATCACATTG	MUS81	MUS81
GTTGGTGAGCTCCGTCCAGT	HS6ST3	HS6ST3
GTTGTCGAACTCGAACGTCG	NO_SITE_178	NO_SITE_178
GTTGTTAACATCAGGATAGG	VPS26A	VPS26A
GTTTAATGTATCGCTACCAA	TNFRSF1A	TNFRSF1A
GTTTAATTACTTGCCCAGGT	STAP1	STAP1
GTTTATCATTGGACCTGGAG	GABPB1	GABPB1
GTTTATGTACCATCTGTTCG	PGAP1	PGAP1
GTTTCATATACCTCTATGTG	GLCE	GLCE
GTTTCATGTCCGGTTCACAC	MMS19	MMS19
GTTTCCTCGTCAGTAACTAG	INTS12	INTS12
GTTTCGAACGATCGCACGTA	NO_SITE_179	NO_SITE_179
GTTTCGCGCGCGGAATTTAC	NO_SITE_180	NO_SITE_180
GTTTCTGAAGAATTGGACAA	GABPB1	GABPB1
GTTTCTTGGCCATTTCAGGG	PIGO	PIGO
GTTTGACTTTGCGTACACGG	SGSH	SGSH
GTTTGCCATCTTATGTGGAA	MBTPS2	MBTPS2
GTTTGCCGTACTTCACATCA	VCP	VCP
GTTTGTATCACAAAGAGACA	PIGA	PIGA
TAAAAATGTCCAATACATCA	HPSE	HPSE
TAAACGCCGATTCCTGCTCG	RNASEH1	RNASEH1
TAAACTTAATCTGTACTGTA	CD160	CD160
TAAACTTATGGAGTTACTAG	NAA20	NAA20
TAAAGTACTGACATGATCAG	DERL1	DERL1
TAAATCTTGCATAGTGCACG	DDX6	DDX6
TAACAACCTACCTGGGTCGG	GLB1	GLB1
TAACAACTATATGAACCACG	GLCE	GLCE
TAACACAGCTTATTCCGCGA	RC3H1	RC3H1
TAACACTTACTTAATAGTGG	DDX6	DDX6
TAACATCCTTTCGTGTAACG	PABPC3	PABPC3
TAACATTAGTGGATCGGACG	ONE_INTERGENIC_SITE_36	ONE_INTERGENIC_SITE_36
TAACCAGGCTTGCAAACAGA	UBR2	UBR2
TAACGGAGTAATTTCTCGGT	MAGT1	MAGT1
TAACGTATCACGACGGTTAA	NO_SITE_181	NO_SITE_181
TAAGAGGTCAGACGAACGTG	VPS53	VPS53
TAAGTGCGGGACTAAACACA	DHPS	DHPS
TAAGTTCACGACGTCGACTT	NO_SITE_182	NO_SITE_182
TAATAGGTTATGATGGAGGG	PABPC1	PABPC1
TAATCCCCCACTTAGACGGG	CALR	CALR
TAATCTTCCTACAACAAGTG	GALNT1	GALNT1
TAATGCCCGTCGATCGACGT	NO_SITE_183	NO_SITE_183
TAATGGTGTTCGGTCCACTT	GABPB1	GABPB1
TACACAACGCGGTCCGCGTA	NO_SITE_184	NO_SITE_184
TACACTAAGAGGGAAAGTAG	DDX6	DDX6
TACAGCAAAAGAGTCTACAT	STT3B	STT3B
TACATACAAAATACTTCTCG	AGPAT4	AGPAT4
TACATGTCGGAGAACGCCAT	GPAA1	GPAA1
TACCAAATATGTGCTTACTA	SSR3	SSR3
TACCACACCATCATTTAGCG	G3BP1	G3BP1
TACCACTCGAGAATATTCGA	UBE2J2	UBE2J2
TACCCCGTTACGCTATCGCA	NO_SITE_185	NO_SITE_185
TACCCGACACTTACATGCCA	MALSU1	MALSU1
TACCCTCACTCTCTGCGTGG	PELO	PELO
TACCGATCACCGTACCCACA	PARP1	PARP1
TACCGCGCGACGTCTAATCG	NO_SITE_186	NO_SITE_186
TACCGCGCGGATCAACGATA	NO_SITE_187	NO_SITE_187
TACCGCGCGTATACGGTTGA	NO_SITE_188	NO_SITE_188
TACCGTACGCGACGTACCCA	NO_SITE_189	NO_SITE_189
TACCGTCGACCGGTCGAAAA	NO_SITE_190	NO_SITE_190
TACCTGCCCTACGCGCTGGG	B3GALT6	B3GALT6
TACCTGGAAACATGAAGACG	STT3A	STT3A
TACCTGTCGCTGTACAAACA	XRCC5	XRCC5
TACCTTGGAACGTATGACAC	GALNT4	GALNT4
TACCTTGGAACGTATGACAC	POC1B-GALNT4	POC1B-GALNT4
TACGATCACCGTTCGACGAT	NO_SITE_191	NO_SITE_191
TACGCGATGTACGACGTACG	NO_SITE_192	NO_SITE_192
TACGTCCAGTCCTACAAATG	MANBA	MANBA
TACTAAAGGACAAAAATGGT	WDR12	WDR12
TACTAGGCTCGTTAATCAGG	SDHAF2	SDHAF2
TACTATCGCGAAGTTTACGC	NO_SITE_193	NO_SITE_193
TACTGTGTTTCAGATAACGG	ARSB	ARSB
TACTTCCAACAATATTTACG	ELP3	ELP3
TACTTGGGCATGTGGACACA	EIF5B	EIF5B
TACTTTCTATGAGAAGCGTA	RPS6	RPS6
TAGACAGATGCAGTCGACGT	ONE_INTERGENIC_SITE_37	ONE_INTERGENIC_SITE_37
TAGAGATGGCAACATACTGG	SLC35A2	SLC35A2
TAGAGCTGTTCATCCGTGAA	CARM1	CARM1
TAGAGGAACTGTGAGCTCGT	JUND	JUND
TAGAGGTCGTACGTAACGCG	NO_SITE_194	NO_SITE_194
TAGATACAGGAGACTCCCAA	HS3ST5	HS3ST5
TAGATATTCTGGACACCGCT	RALB	RALB
TAGCAGGCGGACACGGCCAT	RPS6	RPS6
TAGCAGGCGGACACGGCCAT	RPS6P13	RPS6P13
TAGCCACGTACGCATCGCCG	CHST6	CHST6
TAGCCGCCAACGCGTACGAT	NO_SITE_195	NO_SITE_195
TAGCGGTCGTCGCCGACTTA	NO_SITE_196	NO_SITE_196
TAGCTCTCTACTATCCGACA	SAFB	SAFB
TAGCTGCGATCGAAGAAATG	HS3ST3B1	HS3ST3B1
TAGGAACTTACCACTCCCCT	ST3GAL4	ST3GAL4
TAGGAAGTCGAGGGACCGAA	SAFB	SAFB
TAGGACCCGCTACATCAGCA	CHPF	CHPF
TAGGAGAGCTGTGCCTACAC	TFRC	TFRC
TAGGGGAAAGGAGAGCCACA	ALG14	ALG14
TAGGTTCAGCATTTCAAGCA	HS3ST5	HS3ST5
TAGTACACGCATGACAATCG	DNAH5	DNAH5
TAGTCGAATGGCTAAACCAG	XPO1	XPO1
TAGTCGACGCGAGGTGTACG	NO_SITE_197	NO_SITE_197
TAGTGCCCAGAACTCACGAA	PDIK1L	PDIK1L
TAGTGGTGGAGACCCAAGAA	MRPS18A	MRPS18A
TAGTGTCGAGCATGGAACCG	SMG1	SMG1
TAGTTCGATAGCCCGCCTGT	OGT	OGT
TATAATCGCCGGTTCGCGAC	NO_SITE_198	NO_SITE_198
TATACCTAGCTTCAGGACAT	PTAR1	PTAR1
TATACGAACTAACCTCCATG	NIPBL	NIPBL
TATAGACGTACGTGCGATCG	NO_SITE_199	NO_SITE_199
TATATTGCTAAAGCACTAGG	SLCO1B3	SLCO1B3
TATATTGCTAAAGCACTAGG	SLCO1B3-SLCO1B7	SLCO1B3-SLCO1B7
TATCAACAAGCATTCCACCG	PRMT7	PRMT7
TATCATTCACCGCTCGACTA	NO_SITE_200	NO_SITE_200
TATCCACAGGAGTGAAACCT	MAN2A1	MAN2A1
TATCCACTTTGCCATACACA	MGAT5	MGAT5
TATCTATAGATTGCTATGCT	RLF	RLF
TATCTGACCACTAACGCGGT	ONE_INTERGENIC_SITE_38	ONE_INTERGENIC_SITE_38
TATCTTCAGATACCAAGATG	G3BP1	G3BP1
TATGAATTATAGGATATCTG	UVRAG	UVRAG
TATGACATCCCTCACACTTG	MAN2A1	MAN2A1
TATGACGTCCCCCATACCTG	MAN2A2	MAN2A2
TATGCTCGACTGCGCGTTAT	NO_SITE_201	NO_SITE_201
TATGGAAGTAACCATAACCG	GALNT3	GALNT3
TATGGATTGCACCTACAACC	HS6ST3	HS6ST3
TATGGTCATTCATTGGAATG	B4GALT1	B4GALT1
TATGTAAGTGCCCTTACCGT	NPM1	NPM1
TATGTCTGCAAACTCCACTT	METTL1	METTL1
TATGTTGGATTCCTTAGATG	PGGT1B	PGGT1B
TATTAACAAGCATATCCCAT	BLMH	BLMH
TATTAATAATCACGAACACA	MDN1	MDN1
TATTAGTGGGAAAAAGTCAG	UBE2Q2	UBE2Q2
TATTCCACCCAGTCTTACAC	ELP3	ELP3
TATTCGCGGTTAGCCGTATA	NO_SITE_202	NO_SITE_202
TATTGACGAACAGTGATGCT	DCAF4	DCAF4
TATTGGAAACACACTTGACA	PIGF	PIGF
TATTGGAAACACACTTGACA	PIGFP1	PIGFP1
TCAAAACAATCTTGTCCCAT	SPCS3	SPCS3
TCAAAAGTTCCCCTTACAAG	GALNTL5	GALNTL5
TCAAGGAAGACATTGTGAGG	GALNT5	GALNT5
TCAATAGTCCATGCGACGAC	ONE_INTERGENIC_SITE_39	ONE_INTERGENIC_SITE_39
TCAATGAGTGAATCCAAACG	ZC3H7A	ZC3H7A
TCACACCAGCAATCTCAGTG	XPO1	XPO1
TCACAGACTCAGTTATGGAG	NUP133	NUP133
TCACAGCTAAGATATCAACA	UVRAG	UVRAG
TCACATGTCTATATTCCGTA	CSGALNACT2	CSGALNACT2
TCACCAACACCATCTATCCC	CD160	CD160
TCACCACCGCCTTCAAAGAC	SPCS3	SPCS3
TCACCACTTCTTAACCAAGG	MUS81	MUS81
TCACCAGCACTGACCACGGG	NEU2	NEU2
TCACCATAGAGTATGCAATA	GCNT3	GCNT3
TCACCGAATTCCAAGAAGCC	ALG14	ALG14
TCACCGCATAGCAAAACTCA	DCP1A	DCP1A
TCACGCGCTAGACGCCACCA	ONE_INTERGENIC_SITE_40	ONE_INTERGENIC_SITE_40
TCACGTTGACATAGAGTGGA	EDEM1	EDEM1
TCACGTTGTGAACAACACTC	GNS	GNS
TCACTGACCTGCAAATAGCG	ZFP91	ZFP91
TCACTGACCTGCAAATAGCG	ZFP91-CNTF	ZFP91-CNTF
TCAGAAGTCCTATTCAACCT	PIGG	PIGG
TCAGAATCCACAAACCATAT	UBE2Q2	UBE2Q2
TCAGACACCAATGCAATGCT	YEATS4	YEATS4
TCAGAGGAATATCATGAAAG	PPA2	PPA2
TCAGATATGGAGGTACCACA	ZCCHC8	ZCCHC8
TCAGCAAGATTGTCGGCAAG	GALNS	GALNS
TCAGCACAGTTAGGCCAACA	SRD5A3	SRD5A3
TCAGCATCTTCATCCCCAGT	POLL	POLL
TCAGCATGCCGCAAAAACAC	ATXN10	ATXN10
TCAGCGAATATGTTCGCCGA	NO_SITE_203	NO_SITE_203
TCAGCGGTCCGAAACGTAAG	NO_SITE_204	NO_SITE_204
TCAGGATTTCTACCACAATG	RABGEF1	RABGEF1
TCAGGCAGATTAATGCAGCA	CD207	CD207
TCAGGGCATGAAAATCAACA	RNASEH1	RNASEH1
TCAGTACAATGTCCGCTGAG	DHX36	DHX36
TCAGTCATAGAACCGACACT	OSTC	OSTC
TCAGTGCTAGAAAGCCTGGT	DNM1L	DNM1L
TCATAAGGGATCCTATTGAG	HS2ST1	HS2ST1
TCATAATCACCAAACATAGG	ALG6	ALG6
TCATACACACCATCATAGTA	EMC4	EMC4
TCATACCCAGGCTAGACCTG	PLA2G2F	PLA2G2F
TCATAGGTCTCGTCATGGGG	STT3A	STT3A
TCATCAGAAAGACCTCTGCA	PDIK1L	PDIK1L
TCATCAGGGGATAGTTCCAG	ALDH1L1	ALDH1L1
TCATCGTTTATAATCCCCTG	MAN2B1	MAN2B1
TCATGACACAACAAAGTCCG	ENGASE	ENGASE
TCATGAGGAAGCAGTAATCG	MGAT4B	MGAT4B
TCATGTGGACACAAAATCCG	GCNT1	GCNT1
TCATTCAGACGCTTCTACAG	SDHAF2	SDHAF2
TCATTGATCTCTCCAAACCG	PRMT7	PRMT7
TCCACAGACCATGTCTGCAA	HMGB2	HMGB2
TCCACATAGTGCAATACCTG	GMPPA	GMPPA
TCCACCCACCACAATAACCA	DGAT2L6	DGAT2L6
TCCACCGACACTGCAAAGGT	USP22	USP22
TCCACGTCCAGGTACACGAG	PPIF	PPIF
TCCAGAGAGTATTCGACCAG	DHX30	DHX30
TCCAGATCATGCATGCCCCG	LDLRAD4	LDLRAD4
TCCAGCACCGACTCGTCGGG	WWTR1	WWTR1
TCCAGGGAAACCAACAGTCA	MAN2B2	MAN2B2
TCCAGGTGCCGAACCGAACG	NUS1	NUS1
TCCAGGTGCCGAACCGAACG	NUS1P1	NUS1P1
TCCATACTCCTCAAGGACTT	SPTLC2	SPTLC2
TCCATATCGCGCGCATTCGA	NO_SITE_205	NO_SITE_205
TCCATCGTCCCCGTGCGCAG	RPS2	RPS2
TCCATCGTCCCCGTGCGCAG	RPS2P46	RPS2P46
TCCCAATCCGAGCCCAAGGT	ARMCX3	ARMCX3
TCCCAGTGGGCCGTGTACAC	H2AX	H2AX
TCCCAGTGTGAGTATGTAAG	AWAT2	AWAT2
TCCCCACGACCACACAGCGG	ST3GAL4	ST3GAL4
TCCCCAGCGGTAGTTATCGA	ONE_INTERGENIC_SITE_41	ONE_INTERGENIC_SITE_41
TCCCCGCCAACCTCTGAGAG	HAUS4	HAUS4
TCCCCTGCTGTAGTACGAAG	TELO2	TELO2
TCCCGCAGTGAGATAAAGGG	GALNT15	GALNT15
TCCCTCCTTGCTTACCATGT	MOGAT1	MOGAT1
TCCGAGCCACCAATTCAACC	ELP3	ELP3
TCCGGGCTACGACTCGTAAC	NO_SITE_206	NO_SITE_206
TCCGTACGATTGATCGCCGG	NO_SITE_207	NO_SITE_207
TCCGTCGATCGACGCCCTAT	NO_SITE_208	NO_SITE_208
TCCGTGAACTCGCCACCGCG	CHST2	CHST2
TCCGTGGTCTTCCACCAGAG	PIGS	PIGS
TCCTACCTCGATATGACTAG	PIGK	PIGK
TCCTAGAAAAGGCATATGGA	ALG8	ALG8
TCCTATTGCACAATGATCCG	PTCD3	PTCD3
TCCTCCCGCCGACGTGACCG	PIH1D1	PIH1D1
TCCTCCTTTAAGATCCGGGG	ATXN2L	ATXN2L
TCCTCGAGCGTATCCGATAG	NO_SITE_209	NO_SITE_209
TCCTGCAACTGCCGCAGTGG	HS3ST3A1	HS3ST3A1
TCCTGCTGTACCAAGTGACA	PARS2	PARS2
TCCTGGATGCCAATCAGCTG	EIF5A	EIF5A
TCCTGGGTCACTGTGTACTC	TARBP2	TARBP2
TCCTGTACTATGTCTACATG	DPAGT1	DPAGT1
TCCTTCGAACGATCGGCGTA	NO_SITE_210	NO_SITE_210
TCCTTTACAAACTGCCGACT	SEC61G	SEC61G
TCGACGCGCTGGACACCATG	MAN1B1	MAN1B1
TCGATCATGGCATATATCTG	VPS54	VPS54
TCGATGTGGTAGCCAACCCA	HYAL1	HYAL1
TCGCCATGGAGAACGACGAT	ATXN2L	ATXN2L
TCGGTCACAGCTGTGAACCG	BPIFB3	BPIFB3
TCGGTGAACTCGATGACAAG	P4HB	P4HB
TCGTAGTACGCGCACGGTTG	NO_SITE_211	NO_SITE_211
TCGTCCGCGACCCGATATCG	NO_SITE_212	NO_SITE_212
TCGTCGTATAGCGTCGTCGA	NO_SITE_213	NO_SITE_213
TCGTTGGACTAACAGACCAG	CDC45	CDC45
TCGTTTATAACCACTACGAG	ALG13	ALG13
TCTAAGTCAATCATGTCCCG	ATP6V0A1	ATP6V0A1
TCTACAATCAGAGTAAGATC	MGAT4A	MGAT4A
TCTACACTTTCAATCAAAGC	UGP2	UGP2
TCTACAGCTAACTGTACCAA	PIGV	PIGV
TCTACGCAGACCCCACCAAG	GTF3C5	GTF3C5
TCTACGTCGCGATACGGGTA	NO_SITE_214	NO_SITE_214
TCTGAAATACGAAGCGCGTG	MUS81	MUS81
TCTGAGATACGATACGCGTA	NO_SITE_215	NO_SITE_215
TCTGAGGACAGGCGAGAAGT	TELO2	TELO2
TCTGATGCTTGAATCGTGTG	HBS1L	HBS1L
TCTGATTCCAGATATGATGA	SELENOK	SELENOK
TCTGATTCCAGATATGATGA	SELENOKP2	SELENOKP2
TCTGCACATCGATGCTCGCG	DHX30	DHX30
TCTGCATATACTGGTTAGTG	PABPC1	PABPC1
TCTGCTGCTGTCGTATGTGA	NDST1	NDST1
TCTGCTTCCTTGTAGTGAGG	TIMM10	TIMM10
TCTGGAGACCTTGAATATGT	C1GALT1C1	C1GALT1C1
TCTGGATGGACATGCCCACG	ALDH1L1	ALDH1L1
TCTGGCACACGCGCTTCACG	MAFF	MAFF
TCTGGCCTTGCAAAGCTACG	SRBD1	SRBD1
TCTGGTAATAGCGGTACCTG	NAGLU	NAGLU
TCTGGTACCACGGGTCTACG	PIK3R6	PIK3R6
TCTGTAATAATCAAGAACCT	ATXN10	ATXN10
TCTGTACAGCTACTGGTGCC	CNEP1R1	CNEP1R1
TCTGTTCAGACTCTAATAGG	RAD21	RAD21
TCTGTTTCTTACAAAAGGCG	GCNT4	GCNT4
TCTGTTTGCTAAAATGTACG	SLCO1B3	SLCO1B3
TCTGTTTGCTAAAATGTACG	SLCO1B3-SLCO1B7	SLCO1B3-SLCO1B7
TCTTAATGCAGATGGTCAGT	TPT1	TPT1
TCTTACATTCGGCGTTCGCA	ONE_INTERGENIC_SITE_42	ONE_INTERGENIC_SITE_42
TCTTACCAACCCATCCAAGG	CINP	CINP
TCTTACTTCCTCATCACCGG	OSTC	OSTC
TCTTAGTGCTAGTATTTCTG	SRD5A3	SRD5A3
TCTTATATTGACGGCGCGAC	NO_SITE_216	NO_SITE_216
TCTTATCGTAGCTACGCGCA	NO_SITE_217	NO_SITE_217
TCTTCAGGGTAAATCGCAGA	TTI1	TTI1
TCTTCCACGCCAAGACAATG	PIGA	PIGA
TCTTCCGAGGAAGCACATCA	ZKSCAN5	ZKSCAN5
TCTTGAAGTTTCACATCACA	PIGB	PIGB
TCTTGCCAAAACACTCTCGG	NEU4	NEU4
TCTTGCGGTTCCGAGCAATG	GALNT10	GALNT10
TCTTGGTGCCGTACCGCTTG	CHST11	CHST11
TCTTGTGATTATAACCAAAG	GALNT5	GALNT5
TCTTTACGTTGACGCGTTAC	NO_SITE_218	NO_SITE_218
TCTTTGAATGCCATGCGACA	TAMM41	TAMM41
TGAAACACCCCTGTCCATCC	MPI	MPI
TGAAAGAATAGCGTACATCG	ADAMTS9	ADAMTS9
TGAACAGCATACACTAACGA	SLC35A1	SLC35A1
TGAACATTCTGACTCGACCG	ZCCHC8	ZCCHC8
TGAACCATACGTACGCGTTC	NO_SITE_219	NO_SITE_219
TGAACGCGGTCCGATTAATA	NO_SITE_220	NO_SITE_220
TGAAGAAGTTGGTACCGTCG	IDUA	IDUA
TGAAGACTCACTGATAAGCA	AWAT2	AWAT2
TGAAGATGGCACTGCAAACA	DGAT2L6	DGAT2L6
TGAAGCCAGCTAGATACCGG	NDST3	NDST3
TGAAGGAAGGGATCACCCTG	PPIF	PPIF
TGAAGGGGAAGGTCCCCACG	DAD1	DAD1
TGAATCGGATCCGACTACAG	ARFGEF2	ARFGEF2
TGAATTAGATCCAGGCGAGG	CBLB	CBLB
TGAATTCCAGGCTAAAACCC	HEXB	HEXB
TGACAAAGCTCGCTATGACA	HMGB2	HMGB2
TGACAACAATGACATGACCA	SMG9	SMG9
TGACACTAAGCAAAAGACTT	GANAB	GANAB
TGACAGCCATATACAACCAG	ADAT2	ADAT2
TGACATTTAGAGATGGATAG	ALG2	ALG2
TGACCACTCCAACTGACACC	ALG10B	ALG10B
TGACCATCAGAATCTGACTG	U2SURP	U2SURP
TGACCCGGTGTTCGAAGATG	EDEM2	EDEM2
TGACCCGGTGTTCGAAGATG	MMP24-AS1-EDEM2	MMP24-AS1-EDEM2
TGACCTGCTCCCTCTCAACG	B4GALT7	B4GALT7
TGACCTTGTTAGTCCGCCAG	CHST7	CHST7
TGACCTTTGATCCCAAAAGG	ST3GAL3	ST3GAL3
TGACGAAGGGCGTACAGACG	CHST3	CHST3
TGACGAGCTTGCTTCCACAA	ALG1	ALG1
TGACGATGCGGAATCGCTCG	UBE2Q2	UBE2Q2
TGACGTGTGCAGTAATACTG	ICAM1	ICAM1
TGACTAAGCAGATATGGGCG	PELO	PELO
TGACTGAGCCGTATACGCGT	NO_SITE_221	NO_SITE_221
TGACTTGCTGGATTAAATGC	FAF1	FAF1
TGAGATAGTTCAGAGAATGT	SHROOM2	SHROOM2
TGAGCACGAAGAATGCCTCG	GMPPA	GMPPA
TGAGGACGTGAAGCGCACAG	RPN1	RPN1
TGAGGCAAACAAGATCGCAG	BIN1	BIN1
TGAGTACTGTTGGCGAGGGT	GBA	GBA
TGAGTATAGGAAACCGGGAG	COG1	COG1
TGAGTGTTCAAATAAATGGA	SPAM1	SPAM1
TGATACCACGCGTCGACGGC	NO_SITE_222	NO_SITE_222
TGATACCGTCGACTACGTAC	NO_SITE_223	NO_SITE_223
TGATATTTGGAGATGAACTG	WDR36	WDR36
TGATCAACAAGAGTTGCTAG	ASXL2	ASXL2
TGATCACTCCAATTGACACC	ALG10	ALG10
TGATCAGGCTAACGGCGACG	DPM2	DPM2
TGATCGGGGATTCCGGAGTG	RAB10	RAB10
TGATGAAATGACAGGCTACG	MAPK14	MAPK14
TGATGATGTTATCTCTCGCG	ONE_INTERGENIC_SITE_43	ONE_INTERGENIC_SITE_43
TGATGGAAGCCACACTACCG	NEU3	NEU3
TGATGTTGAAATCCACGAAG	HS6ST3	HS6ST3
TGATGTTGTGGCTGTACATG	CHST4	CHST4
TGATTGGTGACAAGCCAAAG	MADD	MADD
TGCAAACAGATATATAGTAC	MAPK1	MAPK1
TGCAAACGATGCCTCCACCC	TRMT1	TRMT1
TGCAAATACTCCTCGCACGG	HOXD4	HOXD4
TGCAACAAAACTGGATACGT	PIGN	PIGN
TGCAACCTGCTACTGGACGC	CNEP1R1	CNEP1R1
TGCAAGTAGAGATACTCCTG	GAB2	GAB2
TGCACCCAAAACTACCCGGT	RPN2	RPN2
TGCACCGTAGCGCCTCTGGA	CHST13	CHST13
TGCACGCGACTCAGCAACCT	DNLZ	DNLZ
TGCAGCACTACTATGGATGT	AGA	AGA
TGCAGCTCAGCAATCACAGT	PIGO	PIGO
TGCATCTGCAGTCACGGGCG	USE1	USE1
TGCATGAACACCTTGAGCGT	DCAF4	DCAF4
TGCATTTATAGACTGACTAG	ARMCX3	ARMCX3
TGCATTTCCATCAGTCTGGG	CSGALNACT2	CSGALNACT2
TGCCAACCTGCTTTGCCCTG	IDS	IDS
TGCCAAGCCGAGCTCAACGT	BSN	BSN
TGCCAATAGTACTAAAGAGG	SRBD1	SRBD1
TGCCACACATCGACCGCGAA	CTIF	CTIF
TGCCATAGAGCTCTCGAAAG	TAMM41	TAMM41
TGCCATCAACAAGTACGATG	ST3GAL4	ST3GAL4
TGCCATCACTAAACCAGACA	REPS1	REPS1
TGCCCATTCCTATGCCATCG	GUSB	GUSB
TGCCCTATGATGTAGAAGTG	CHST15	CHST15
TGCCCTGAGTCTCAATGAAG	EIF4B	EIF4B
TGCCGAAGTAGACGTGAGGG	MOGS	MOGS
TGCCGTAACGCTATCCGGTC	NO_SITE_224	NO_SITE_224
TGCCTCTGCAGTGAGCAATG	EEF1G	EEF1G
TGCCTGTATTTGTCTACACA	HYAL4	HYAL4
TGCGAGTCCCTTACTATGTG	ALG8	ALG8
TGCGGACGTTCAAGCAGGTC	MRPS14	MRPS14
TGCGTTATGTCAAGGCAGTG	HYAL2	HYAL2
TGCTCGCCTCTCCCGACCTG	JUND	JUND
TGCTCTATGAGAGCAGAAAG	SDHAF2	SDHAF2
TGCTGACAGTGAAACCGTGA	HAUS4	HAUS4
TGCTGAGATGAAACTCAGAC	SMARCA5	SMARCA5
TGCTGGCGCTGAGTACGTCG	GAPDH	GAPDH
TGCTGGTCCTCAACTTTGAG	TNFRSF9	TNFRSF9
TGCTGTACCAGAATGCCAAG	DOLK	DOLK
TGCTTGTAACTGAACTGATG	HAUS4	HAUS4
TGCTTTGGATGACTTAGACA	XRCC5	XRCC5
TGGAAGCCCAGATGGAACAA	DPM1	DPM1
TGGAATTACTTCTCACATGG	GPLD1	GPLD1
TGGACCAGTACGTCAACAAG	GALNT9	GALNT9
TGGACGGCCGGAATTTCCAT	THG1L	THG1L
TGGAGAACGTGAAGGAGATG	SNRPD2	SNRPD2
TGGAGCACGGAAAATCTACG	CARM1	CARM1
TGGAGCTAGTGGCATTGACT	MPDU1	MPDU1
TGGAGGACGACACCTACCGA	ST3GAL1	ST3GAL1
TGGAGGGCATTAGCATCTGG	AGA	AGA
TGGATACGGATGAAGCACAT	RPN1	RPN1
TGGATGACCTAGTCCCCAAG	ALG2	ALG2
TGGATTCCTCCTCATGAGGT	PDZD11	PDZD11
TGGCAAGCGGTATTTCACCT	GANAB	GANAB
TGGCAAGTTGGAGTCGAAGG	MGAT5	MGAT5
TGGCAATCTCAAGTCAACCA	HPSE	HPSE
TGGCACGGCAGCCACAAGTG	CCNO	CCNO
TGGCATCGTGCTCCTATGAC	SEC13	SEC13
TGGCCAGGAGATACATCGGT	IDUA	IDUA
TGGCCCAAAAAATAAGAAGT	DERL2	DERL2
TGGCCGAGTTCATTTCCGAG	PIGU	PIGU
TGGCCGTTGCGCATCGAAAC	NO_SITE_225	NO_SITE_225
TGGCGATAATCGGCGTCCGT	NO_SITE_226	NO_SITE_226
TGGCGCGACGTTATACGCGT	NO_SITE_227	NO_SITE_227
TGGCGGTCGGCGATTCGGTA	NO_SITE_228	NO_SITE_228
TGGCGTAGTAAATGTAAGGT	RFT1	RFT1
TGGCTATAGTGCACCCCCTG	CHPF	CHPF
TGGCTCATGGCTAAAGTAAG	USP16	USP16
TGGCTCCGGTATCGTCAACA	SLC2A1	SLC2A1
TGGCTCTTCACCGTCGGACA	LDLRAD4	LDLRAD4
TGGGACTCTTGAGGGATGTG	ZNF555	ZNF555
TGGGAGACCAGAGCCACGCG	TRAF2	TRAF2
TGGGAGCAGCACACCGTCTG	RAC2	RAC2
TGGGAGCCAAGAGTGCTGAA	MPDU1	MPDU1
TGGGAGTATCGGATGTAGCT	ATP5F1E	ATP5F1E
TGGGAGTATCGGATGTAGCT	SLMO2-ATP5E	SLMO2-ATP5E
TGGGAGTCACGGACGGTTCG	REXO2	REXO2
TGGGATCAAACGAGCATCGT	ONE_INTERGENIC_SITE_44	ONE_INTERGENIC_SITE_44
TGGGCGAGTTTAGCCTCAGG	DHPS	DHPS
TGGGCGTGTTAACTACAGAG	GPLD1	GPLD1
TGGGGACCCGTAGGTGCGCG	RPS28	RPS28
TGGGGCTCTGCATCTCACAG	USP22	USP22
TGGGTAGCACCTCGGAACCG	YTHDF2	YTHDF2
TGGGTCAATGCCAGGCGATG	HDAC3	HDAC3
TGGGTCCAAAGTAGGGATAG	HYAL3	HYAL3
TGGGTTATTGACCACAATCG	PIGX	PIGX
TGGTAAAAAGTCTCAAACGT	ZKSCAN5	ZKSCAN5
TGGTAGGTCCCACTGTGCAA	CD160	CD160
TGGTAGTGCAACCCTCTCAA	PTCD3	PTCD3
TGGTATCCTCCCATGTAACG	PIGZ	PIGZ
TGGTATCGGCGCGCTATAGG	NO_SITE_229	NO_SITE_229
TGGTATTGGGAAAGGCCTGG	EEF1G	EEF1G
TGGTCCAAATAGTCCTGACA	HNRNPH1	HNRNPH1
TGGTCCACGATACGTAATCG	NO_SITE_230	NO_SITE_230
TGGTCTACTCGAACGAGCGG	NO_SITE_231	NO_SITE_231
TGGTGACGGACAGGAACGAG	HPSE	HPSE
TGGTGATACTCACCAGGTGA	SYS1	SYS1
TGGTGATACTCACCAGGTGA	SYS1-DBNDD2	SYS1-DBNDD2
TGGTGGTATTACGCTTGATG	HSPA8	HSPA8
TGGTGTACGTGTTCACCACG	CHST2	CHST2
TGGTTAAGCACATCGATGGA	EXT2	EXT2
TGGTTCCGCCGCTGTATCGG	SNAPIN	SNAPIN
TGGTTTCTTTAATAGGGAAT	RPL21	RPL21
TGTAAAGGACTCCATTCGGC	SEC61G	SEC61G
TGTAACCAACAGAACGACTG	LDLRAD4	LDLRAD4
TGTAATGTACGTGCTCACCA	PIK3R6	PIK3R6
TGTACGCTCCCGTCGAACGA	NO_SITE_232	NO_SITE_232
TGTAGAACAAGATTGTGACC	TRAM2	TRAM2
TGTAGGGCTCTCGCAACGCC	ALG10	ALG10
TGTAGGTGGGCGTCACCACG	B3GAT1	B3GAT1
TGTATCAAATATACCGAAGG	PIGW	PIGW
TGTCAAATACTCATCCCTGG	PIGB	PIGB
TGTCAATCTTTAGCGGCGTA	ONE_INTERGENIC_SITE_45	ONE_INTERGENIC_SITE_45
TGTCAATGTAGAGCACCCGA	HDAC3	HDAC3
TGTCACTGTCGTGTTTACGC	PIGS	PIGS
TGTCATGCTGAACCGCATTG	PTPN2	PTPN2
TGTCATTGAAACTTGCAAAG	NSDHL	NSDHL
TGTCCAATGATACATATACC	DHX36	DHX36
TGTCCCCTACGACATGTCGG	TELO2	TELO2
TGTCCGCAGAGCACCGACCG	WDR81	WDR81
TGTCCGGAGAATGTTCACGC	ZC3H13	ZC3H13
TGTCCTGTTTAATTAAGAGA	PIGX	PIGX
TGTCGACGGCGTACCGTATA	NO_SITE_233	NO_SITE_233
TGTCGACTGACGTATACGAT	NO_SITE_234	NO_SITE_234
TGTCGTTCTCTATCACTACG	OST4	OST4
TGTCTTACAGGACTACACGC	GALNT14	GALNT14
TGTCTTCACATGCTTCATCG	RICTOR	RICTOR
TGTGAACTTCCAGCATACGA	PABPC3	PABPC3
TGTGACTGTTTCAGCGACTG	PLAC8	PLAC8
TGTGAGCACAGAGAGTGGAC	SNRPD2	SNRPD2
TGTGATGACCGGGATGTATG	SEC61A1	SEC61A1
TGTGCAGCACGATGCACTCG	CCNO	CCNO
TGTGCTGCCTGTGTTCACGA	TRAF2	TRAF2
TGTGCTGGTTGTATATAGCA	GCNT4	GCNT4
TGTGGATGAGATGAACGGAA	PABPC1	PABPC1
TGTGGCAGAGAACTCCTACG	RRP9	RRP9
TGTGGCCGAGGCATTCCGTG	HYAL1	HYAL1
TGTGGGATGTCGACTCCTAG	CBLB	CBLB
TGTGGGGAGTTTCATCCTAG	DAD1	DAD1
TGTGGGTTCAGATGTACAAG	EDEM2	EDEM2
TGTGGGTTCAGATGTACAAG	MMP24-AS1-EDEM2	MMP24-AS1-EDEM2
TGTGGTACGCGAAAAAACAG	DHX36	DHX36
TGTGTCACAGCTACCCCCGT	TSC22D2	TSC22D2
TGTGTTCGTCACGTTCAATG	DCP1A	DCP1A
TGTTAATTTCTTGCAGGAGA	HIKESHI	HIKESHI
TGTTACGCGACGAATTCGCG	NO_SITE_235	NO_SITE_235
TGTTCAGGCTGGCTAGACGG	ALG2	ALG2
TGTTCATAGCAACGGCAACA	B4GALT3	B4GALT3
TGTTGACGTAGAAACCTACG	BIN1	BIN1
TGTTGCATATCCCGATCCCG	SPATA18	SPATA18
TGTTGGCTGGAACTCGACGA	COG1	COG1
TGTTGTCACGCAACACCTTG	H4C1	H4C1
TGTTGTCATAAGGTCCAAAG	GALNS	GALNS
TGTTGTTGGATAACTGAGAA	ICOS	ICOS
TGTTTCACTGCAAATAAACC	ALG8	ALG8
TTAAAATTGCTTTGACCCAT	MOGAT1	MOGAT1
TTAAAGGCATGGTACAAAGG	ZKSCAN5	ZKSCAN5
TTAACGAACTCGAACGAGCG	NO_SITE_236	NO_SITE_236
TTAAGAAGCTACTTAATGCC	SNAPIN	SNAPIN
TTAAGACACAGCCAAACTGA	USP16	USP16
TTAATATGTAGTAGCGCGCG	NO_SITE_237	NO_SITE_237
TTAATGACTTGGATCTTCGA	ATXN7L3	ATXN7L3
TTACACAAGCAGAACCAGCT	JUND	JUND
TTACAGTTGAAGATGCCCGG	LDLRAD4	LDLRAD4
TTACCAAAGTCGGTGAACAG	DMRTB1	DMRTB1
TTACCCACAATAGAGACAGA	ASIP	ASIP
TTACGTATACGTTTCGCGCA	NO_SITE_238	NO_SITE_238
TTACTTGTCTAAATCCACCT	MRPL13	MRPL13
TTAGAGGCTTGAGGAAACCG	RC3H1	RC3H1
TTAGAGTTCACCGACCATGG	VPS51	VPS51
TTAGGACCAATAAGCGAGAG	GALNT4	GALNT4
TTAGGACCAATAAGCGAGAG	POC1B-GALNT4	POC1B-GALNT4
TTAGGATGGAAGAACGCTCT	GALNT13	GALNT13
TTAGTGTCGATCGCCGATCG	NO_SITE_239	NO_SITE_239
TTATAAGGGCCATATACACA	DYM	DYM
TTATCAACAGCATCACAACT	CHST15	CHST15
TTATCCATGGATAGGAAACG	SLC17A3	SLC17A3
TTATCGCGTGCGTCGAACCA	NO_SITE_240	NO_SITE_240
TTATGACATCAGGAGAACAG	GALNT1	GALNT1
TTATGGAGAGAAAATACCCA	ZNF555	ZNF555
TTATTCGCGCGATACGATTC	NO_SITE_241	NO_SITE_241
TTATTCTTAGGCAATCATGT	XPOT	XPOT
TTCAAGTCCTGTTAACCCCG	PPIH	PPIH
TTCAATAAAAGCCTCCACAG	RFX6	RFX6
TTCACTGCAATGTAATCCTG	RPS5	RPS5
TTCAGCCCGCCGCTGATCGG	ONE_INTERGENIC_SITE_46	ONE_INTERGENIC_SITE_46
TTCAGGAGTGAAGGCGACAT	HSPA5	HSPA5
TTCATAATGATCCTCATGCA	C1GALT1	C1GALT1
TTCATACCTCAAGCGGACAT	VPS26A	VPS26A
TTCATCATCGGTGTGTACTG	SLC2A1	SLC2A1
TTCCAAGTCTGGGATTTAGG	ARL1	ARL1
TTCCCCTCCTAACAACAAGG	RFX6	RFX6
TTCCCGAGTTCCAAACAGAC	ARL1	ARL1
TTCCCGGATCAGATGCGTAG	GALNT14	GALNT14
TTCCCTGACACGAACGCATA	ONE_INTERGENIC_SITE_47	ONE_INTERGENIC_SITE_47
TTCCGATGTTCAACGCGAAT	NO_SITE_242	NO_SITE_242
TTCCGCAAAATAGAGCCCCA	CBLB	CBLB
TTCCGCTGCTCGACACCACG	B3GAT3	B3GAT3
TTCCGGCCTTCATCAAACTG	P4HB	P4HB
TTCCGTTAGTATGCCGTACG	NO_SITE_243	NO_SITE_243
TTCCTCTTTCGGCAAAACAA	STAP1	STAP1
TTCCTGATAACTATGTGGAC	PIGC	PIGC
TTCCTGGGAGACTAACATCG	EMC1	EMC1
TTCCTGGTCATGCACTACAG	MPDU1	MPDU1
TTCGAAGAATCCTCACACTG	GALNT10	GALNT10
TTCGACTGCATAAGACAACA	HAUS4	HAUS4
TTCGCCAAGCCCGTCCAGAG	GALNT6	GALNT6
TTCGCCGAGAAATTTCTCAA	TRIAP1	TRIAP1
TTCGGAGTGCTTATGCCAAG	B4GALT5	B4GALT5
TTCTAAAAAGGCTGTCACCA	H2BU1	H2BU1
TTCTAAACATGTTAGGAACT	SNX24	SNX24
TTCTAACTCTGCCTACTACG	INPP5F	INPP5F
TTCTAAGAAGGCTATCACTA	H2BC3	H2BC3
TTCTACACTCGCCGTCCAAG	SRSF10	SRSF10
TTCTAGCCTCTAACAGAGGT	SEC61A1	SEC61A1
TTCTGATTCTGAACTAGACA	NUP133	NUP133
TTCTGGGCAAGTACGAACTG	BLMH	BLMH
TTCTGTGTCCGGATTAGTGG	PARP2	PARP2
TTCTTAATGATGGGGAAACC	VPS26A	VPS26A
TTCTTCATCCCGGAGCCGGT	TRADD	TRADD
TTCTTGTAGGGTGAACACCG	ADAR	ADAR
TTCTTTCCTCCAGGTCACCA	RPS28	RPS28
TTGAAACGGAAGGAACGCTG	CAMLG	CAMLG
TTGAAGAGCATGTAGCCCAT	CARM1	CARM1
TTGAATCCAAGGATAACCCA	DERL1	DERL1
TTGAATTGAATGTCCTTCAG	SMAD4	SMAD4
TTGACAAAGATGGCATTGTG	GTF3C5	GTF3C5
TTGACATCACTACTGCACTC	CAMLG	CAMLG
TTGACGACAAAGCATCACGA	FUCA1	FUCA1
TTGAGCGATGTGTTACAAGC	EXT2	EXT2
TTGAGTGTATGCACAAATTG	ADAR	ADAR
TTGATAACAGATTTCTTCTG	SELENOK	SELENOK
TTGATAACAGATTTCTTCTG	SELENOKP1	SELENOKP1
TTGATAGACTCAATTGTCTG	EIF5B	EIF5B
TTGATTTAATGACTCCTGCA	FAF1	FAF1
TTGCACAGATCTGGGAGTAT	ATP5F1E	ATP5F1E
TTGCACAGATCTGGGAGTAT	ATP5F1EP2	ATP5F1EP2
TTGCACAGATCTGGGAGTAT	SLMO2-ATP5E	SLMO2-ATP5E
TTGCAGAGAAGCGTTCTACG	NEU3	NEU3
TTGCGCAATAATGAACGGCA	GALNT14	GALNT14
TTGCGGCCTCGATACGATAT	NO_SITE_244	NO_SITE_244
TTGCTAATGGGAAAACTGAG	CNNM4	CNNM4
TTGGAAAACGAGCCAATGAG	STAG2	STAG2
TTGGACTAGTCATGAAGGAG	DOLK	DOLK
TTGGAGGAGATGGATATGCT	ASXL2	ASXL2
TTGGAGGTATACACAAGCGG	EIF3L	EIF3L
TTGGAGTCGCGCGGCGTAAT	NO_SITE_245	NO_SITE_245
TTGGCCTGGTCAAACCACGC	FUCA2	FUCA2
TTGGCGACTTCAATTTGCCA	SSB	SSB
TTGGCTACTTCTACGGACAA	MOGS	MOGS
TTGGCTCAAGACCAATGGAG	GBA	GBA
TTGGGATCAATTGGAAAACG	EXT1	EXT1
TTGGGATTTAACATCCGAGG	PDZD11	PDZD11
TTGGTTTCTTTAATAGGGAA	RPL21	RPL21
TTGTAATCTGTACAAAATTG	ARL1	ARL1
TTGTACACTCGACTCGCGAG	NO_SITE_246	NO_SITE_246
TTGTACATGAAATTGGACAT	MBTPS2	MBTPS2
TTGTAGCCATACTTCTCATG	GALNT17	GALNT17
TTGTCTATGAACATCTGTGG	NFKB1	NFKB1
TTGTCTCGATTGTTATCGCG	ONE_INTERGENIC_SITE_48	ONE_INTERGENIC_SITE_48
TTGTGAAACTTGTTTCCTGC	TPT1	TPT1
TTGTGGACAAGGCTTCCGAG	SRBD1	SRBD1
TTGTTACGGACCGCGTCGGA	NO_SITE_247	NO_SITE_247
TTGTTCACAGGTCAGTTTAG	NPM1	NPM1
TTGTTCAGGCAATCTCAACA	PARP2	PARP2
TTGTTCGACGCTCCGACGTT	NO_SITE_248	NO_SITE_248
TTTAAAGTAACTCTTACAGG	ICOS	ICOS
TTTAACACAGTCCAAAAAGC	TIMM9	TIMM9
TTTAACGTGCTGCAGAACTG	PIGB	PIGB
TTTAAGCCTTATGTAAAGCA	C1GALT1	C1GALT1
TTTAAGGAAACGCTATCTTG	ALG11	ALG11
TTTAGAAAGCAGTTTCACAT	CANX	CANX
TTTAGGGGTCGAAGTGACCG	EMC4	EMC4
TTTCAAACTTACTCTATCAG	PIGF	PIGF
TTTCAAGAGAGAATGCTCGA	MED24	MED24
TTTCACAAGTAATGGGCTAG	REPS1	REPS1
TTTCCATCGATAACTACCGC	ONE_INTERGENIC_SITE_49	ONE_INTERGENIC_SITE_49
TTTCGATGATTCATTCAGTG	PDIA3	PDIA3
TTTCGCATCCCCATGAGTCT	PIH1D1	PIH1D1
TTTCGGTACCTTCGCCCTCG	TPT1	TPT1
TTTCGTGTCAGATTACACAG	PIGG	PIGG
TTTCTCGCGTTCGAACGACG	NO_SITE_249	NO_SITE_249
TTTCTGACAAGATGTCAGCG	TTI1	TTI1
TTTGACCGGTTCGCGACGTA	NO_SITE_250	NO_SITE_250
TTTGATACCTCAAAGTGCAG	EXTL1	EXTL1
TTTGCTCAGAATTCTCGGGG	SRD5A3	SRD5A3
TTTGGCAGTCTATTACGGTA	ONE_INTERGENIC_SITE_50	ONE_INTERGENIC_SITE_50
TTTGGGGAACAGGATACCAG	GALNT13	GALNT13
TTTGTAATCTGGAATCTGAG	RLF	RLF
TTTGTGATAAATATGCGACC	CNOT6	CNOT6
