sgRNA	gene	compare_from	compare_to
AAAAATGTAGAAGATTTCAC	SPCS3	3410	4897
AAAACAATCCGTTGCGCGAC	NO_SITE_1	15523	21247
AAAACACATCCTGCTCTAGG	GMPPA	34196	45390
AAAAGCACCACGGTCAGATG	TMEM258	8854	13435
AAAAGCAGATGAATAGCGCC	TUSC3	30886	43148
AAAAGTACTTACATGGACCA	HGSNAT	28859	34905
AAAATCCTAGAATTGATTCG	UGGT1	22153	30420
AAAATGCCAGTGACCCTAGG	ALG6	25395	36131
AAAATGCTTACCATGATCCG	IDS	22741	32325
AAAATGGCAAGAGAATTACT	MBTPS2	20248	30161
AAAATTGCCATCTCTACCTG	NPM1	34791	46087
AAACACATAAGGCACAGCTG	PTCD3	14715	19798
AAACCAACCTCACCTTCCCA	HSPA8	13146	22433
AAACCATATAGAAATGAGGT	YEATS4	10847	16417
AAACCTGAGTGGTAACAACC	CALCOCO2	18790	25752
AAACGGAATGTGGACTCGAG	SAFB	18872	28420
AAACGTTATACGACCGACGA	NO_SITE_2	22913	28763
AAACTCGCGGACGACAATGT	CLDN5	21278	26181
AAACTCGTCGACATCGGAGT	CHST12	23429	32417
AAACTTACCGAATCTTCAGG	UGP2	18274	26104
AAAGAACCTACAGAGAACTG	MAPK14	19872	25785
AAAGAATGGTTAGAAGATAA	SSB	19545	27698
AAAGACCCAACCATCAAGCT	B4GALT5	24689	27214
AAAGACGCGTAGGTTGTACC	ONE_INTERGENIC_SITE_1	13257	16612
AAAGAGACATCCTACTTGTG	VPS8	26646	43743
AAAGAGTTACAATACTACGT	NPC1	7871	10040
AAAGAGTTCATTAAAACAAG	UGP2	17125	24491
AAAGATATAATAAAGATGCT	MRPL30	10075	13673
AAAGATCCAAAAGCTGACTG	PARP16	32578	44490
AAAGATCTTACCTTACTAGG	UST	34286	47329
AAAGCAAGTTCGAGTACGTG	THG1L	25418	32593
AAAGCACAGGAACGGACGTC	ONE_INTERGENIC_SITE_2	30926	41594
AAAGCACATGAAGCCGAGCG	RNASEH1	27204	38249
AAAGCCCGTAGCCATATGAG	FURIN	23681	36263
AAAGCTATTTATCGCGTCGT	NO_SITE_3	15839	22450
AAAGGCTTTGAGAAGGACGT	ST3GAL3	19879	24894
AAAGGTGGACCACTCCCGGT	NEU2	10964	12843
AAAGGTTCTGAATCAAACGG	ATP6V0A1	19410	28458
AAAGTAATGACCGATGAAAG	PABPC3	18372	25352
AAAGTACTCGAAGAAGTCCG	MGAT1	14595	23849
AAAGTATAAGATGGTCCTTG	CENPE	9430	13779
AAATACAGCTTCGAAATAGG	ST6GALNAC1	14919	18455
AAATAGCTACGGTGAACCCG	DNM1L	14554	21446
AAATATAATAAGGCTGAGTG	MAN2A1	22167	28709
AAATATCGACCGGCGTTCGA	NO_SITE_4	25992	37405
AAATATCTGAATGTTATGGG	GCNT4	17935	24753
AAATATGCTAGAGTGCCTTG	EDEM3	19426	23317
AAATCAACCTAATTAAGGTA	RPS12	1905	3040
AAATCCTCTCTCGCAACAAG	VAC14	27729	36111
AAATCCTTCACGTGAAATTG	CANX	30485	36771
AAATCGAGACTTCGCCACGT	UVRAG	12903	16937
AAATCGGGCACGGGTAATGG	HSPA8	8364	14796
AAATCTGCACAAAGTGATTG	EXTL2	19534	27635
AAATGAAATATAAATCGGAG	XRCC5	4847	8942
AAATGAACCTCGGTAACACG	EXTL3	24103	32934
AAATGGATAGACTTCGTCAG	SSB	5917	8184
AAATGGGATAACATTGCCGG	HNRNPH1	3519	5513
AAATGTCCTCATCCGATGAG	NEU1	21623	28681
AAATTCATATGTCCCTCGTG	TFRC	11700	16037
AAATTTGCGGAGAAATTCAG	EEF1G	12502	19339
AACAAGAAATCCAAACAGAT	ASIP	31151	40095
AACACTAATTACGCGCGATA	NO_SITE_5	19980	25768
AACAGAACAGTCCACAACCA	CENPE	17422	22107
AACATCGTCAAGGTGGCCCG	VAC14	23410	30708
AACATGGTATCCTCTGTACA	RLF	31627	39387
AACATTCCAGTTGCAACCGT	SLCO1B3	14454	20900
AACATTCCAGTTGCAACCGT	SLCO1B3-SLCO1B7	14454	20900
AACCAAAAGTTGATAGAAAC	ENY2	30590	41451
AACCAAGCGAGGGTCCCCGG	EXTL3	33120	42559
AACCCAGGGGAAGTTACACG	PPFIA1	25422	33008
AACCCCTATCACAATGAGCC	UBE2Z	18504	23810
AACCTAGCCTTTAAGCAACC	VPS26A	15730	17627
AACCTATCAGGTGATCCCTG	EIF3L	26701	35334
AACCTTATCCTGTGACCCGG	DCP1A	16505	22583
AACGCACTGGAATCTCTATG	HSPB3	33921	44183
AACGGTATCATCTGAATTGG	ARMCX3	32142	43442
AACTCGGGGGGAAGTTGACG	PARP1	35531	44631
AACTGCTCGCAGAAAGAAGA	BTF3	11956	17162
AACTGCTGTGCCCAGTTACG	TMEM258	4797	7879
AACTGTTCAGGGGTCACCCG	GCNT3	23402	30244
AACTGTTGAGACCCTTACGG	PIGV	23168	30478
AACTTACCTACAAACAACGC	INTS12	9169	10940
AACTTGGAGAAGCTGTCGAG	RAI1	27965	35403
AACTTTACACTGAAGCACGT	PPIF	14232	20633
AAGAAAGACACCCAAGTCGT	STT3B	24936	43327
AAGAAATTTGTAGAGACCCC	SSB	2686	3703
AAGAAGCGCGCAGTGAACTG	FUCA1	24299	32342
AAGAAGTTCATTATCACACA	PIGF	24881	34188
AAGAATCACAGTTTCGTGAA	YLPM1	17439	22718
AAGACCACGAGAGAAAAAGT	DPM1	20745	30313
AAGACGACCCAAGGAAATGG	ST6GALNAC1	28829	36923
AAGACGCGTAAAGCGCCCGT	NO_SITE_6	25234	31026
AAGACTGCCCTCATCCACGA	RPS12	2240	3506
AAGAGAAAGTTCCTGTCGCG	CHSY1	18071	21849
AAGAGACAGATACTTACAGG	XPOT	15428	20582
AAGAGATGCACAGTGATCGG	NSDHL	30174	38907
AAGAGGCTGCCTGATAAGCT	HYAL3	28873	38522
AAGAGTCGGGAAAAGACTTG	ALG8	19321	28660
AAGATCAAACCACAAACCAG	ZNF555	28348	41531
AAGATCTGGCGGCGTGCCGG	PTK6	28927	36252
AAGATGACACAAGTGTTGGT	DOLK	27441	35276
AAGATGCCCAAGTCGCGATG	GANAB	22039	28353
AAGCACCTCTTAGTCTCATG	PPFIA1	27307	33371
AAGCCATCCGATGCACTCTG	ST3GAL3	29334	38053
AAGCGAGTGATAGTCTTGAG	CNNM4	18253	24958
AAGCGCTAGTACGCGGTTTA	NO_SITE_7	31952	42717
AAGCGCTTATTACGCGCAGT	NO_SITE_8	29546	36837
AAGCGGACATCACTTATGAG	GOPC	24048	30881
AAGCGTAATACGCGCGTCAC	NO_SITE_9	17590	25264
AAGCTCAACATCAAAAACCG	SSRP1	8984	11253
AAGCTGTCGAAGCTTTGCAG	MAFB	24938	33311
AAGGAAAGATTCATGAACCA	USP16	27208	48842
AAGGACCAAAACACACCCAG	RFT1	7465	15120
AAGGATTCGAATGCGCCAAG	WWTR1	22825	30859
AAGGATTTAAGAGATAGCTG	PIGU	24194	33406
AAGGCCACCAGAAGATTACG	MMS19	29001	46549
AAGGCCGAGGATAAGGAGGT	RPS2	9408	11429
AAGGGCCCCGCATACACCGG	TOMM20	10360	15382
AAGGGGACCAGCATAATTTG	MAGT1	32576	46119
AAGGTCGCGGCGTTCGTATA	NO_SITE_10	24148	30871
AAGGTGGTACGTGACGATGG	STT3A	26343	43115
AAGTAAAATAGTATGTCGAG	EXOC2	7185	9454
AAGTAAGTTCATGACTCACG	THG1L	6702	10282
AAGTAGGAAATCCATAGTGT	NFKB1	25923	38701
AAGTCATAGACCGAAGAGTG	GMPS	8334	19730
AAGTCTGAGGAGGTTCTACG	MDN1	6375	10415
AAGTGAGGACTACCTACACA	NIPBL	11233	15726
AAGTGCACGGAGTCTCACAC	FURIN	20252	33070
AAGTGGGATTTGCCTTCTCG	HSPB3	29202	38979
AAGTGTAAATGAACACACAG	ANKRD17	16867	20990
AAGTGTACCGGAATTGACGG	PIGM	16698	22234
AAGTTCACCTGAGCTCCAGG	PDZD11	31249	40183
AAGTTCCTGAACATTCCATG	POLR1A	2857	5032
AATAATACTTACTCAGTGCA	MRPL13	15677	22787
AATACATGTTTCTCGTCCAG	DSE	15979	20575
AATACCAAGAAAGCCCCACT	PARP2	16294	23366
AATACGCGTGCCTCCTCACA	CHSY1	26341	35211
AATACTAACCTTGAACCGAC	STAG2	9174	8640
AATACTTCCTGAATACATGT	GCNT3	17719	22227
AATAGAAGAAAAACTCATCG	ARGLU1	12989	18478
AATAGACCCTGAGACACAAA	CNEP1R1	23759	32194
AATATCAGTTTCTCTCCAAG	CSGALNACT2	28894	35085
AATATTGCTGGATCAAACCA	GMPS	8268	18008
AATCAGAAGGAACCGTGTGG	DSE	28248	36889
AATCCGTGAGACACACCCCT	HS6ST2	27423	34729
AATCCTAGGCGCGACGAATA	NO_SITE_11	23409	30749
AATCCTGAGGTGGACGGTCA	GALNT3	36056	47422
AATCGCAATATCTCGCGACA	NO_SITE_12	31296	40789
AATCGGATATAACATCATCC	GBA	31836	42355
AATCTTACCTAATATATACA	VPS8	14775	24186
AATGCTGGAAGTTATAAGCA	PGAP1	27455	34575
AATGGAAAACAAATTTACGT	PABPC3	16055	22515
AATGGCAAGGAACCATCCCG	HSPA5	2430	3871
AATGTCCGCGTATCGACCGA	NO_SITE_13	36620	48478
AATGTCTGATCACAGATACG	HNRNPH1	9209	13081
AATTACCAACATAGAACTCG	PIGK	20245	26381
AATTCAATGAAAGTACCCCT	PMM2	22375	32893
AATTCTCAAGGGTACGAGTC	ONE_INTERGENIC_SITE_3	18364	23902
AATTGCAGAAATGTAAGACG	SLC17A3	23642	32045
AATTGGCGCTATGCTACTGG	FUT8	25810	32210
AATTGGTGTGTTGATATACA	TFRC	11191	19316
AATTTAAAAAGCGCCCTCGG	GCNT1	10555	13434
AATTTGATTATAGGTTAAGC	SKA1	2621	3867
ACAAAAATGCCAATGCCGAT	TMEM30A	34167	47271
ACAAGTCCGACTCACCTGTG	HEXA	31779	44885
ACAATACCGATCTCGCGTTA	NO_SITE_14	37160	47217
ACAATCCGGTCGCGTACGCA	NO_SITE_15	37786	51743
ACAATCGCCGATTCGTACGG	NO_SITE_16	41809	55426
ACAATGGTGCATATGCCCTG	PIGO	27799	37543
ACACACGTACAGTCCCATCC	RRP9	5679	9360
ACACAGAGTAGCTCTCCTTG	H2BC14	2737	4475
ACACCACCTCCTGTTGAACC	EIF5B	17853	25139
ACACCACTGTCACTCGAGCG	ATIC	4719	8364
ACACCCTGGCCTATCCATTG	HMGB2	30344	41745
ACACCTGGTTGGATAGTCAG	XYLT2	33267	45607
ACACGCGTACGAACGTTACT	NO_SITE_17	28635	38373
ACACGGAGTGCTGAGCGGTG	MAFB	30646	40082
ACACGTTACTGTTGATGACT	ENY2	6876	10521
ACACTACAAGACACTGATAG	HNRNPR	22578	29773
ACACTATGGACCTTGAAACT	THOC6	21447	34475
ACACTGCCTGCATATGTCAC	TNFRSF9	33901	46735
ACACTTCAAGAATTAGATCA	LARP4	25251	34017
ACACTTGCCCTCTCTACCAA	SNX24	32610	46304
ACAGAAGGATTACCTAGTGC	RNPS1	12985	16380
ACAGAATACATAGGGACCCG	ZBTB38	26607	34420
ACAGAGATGTGCCAGACACA	GALNT11	51917	64055
ACAGAGCAAAAAATGACCAG	PDIA3	38412	49037
ACAGATCATACATCTGTCGG	MAN1A2	15345	23081
ACAGATCATTGGGCCACTGG	UGGT1	23078	33816
ACAGATGATTCTTGTCAAGG	COG7	26011	34207
ACAGATTGGGATACTATCCG	HYAL4	30324	38417
ACAGCAAGCCAGTGAACCTG	RAC2	38212	46116
ACAGCAATACCATGTGAACC	PIGB	23533	34068
ACAGCCAAGGGTAAATATGG	FUT8	40505	54404
ACAGCCCACCAGCAATCATG	GALNT2	53110	63602
ACAGCCTTACCTCTGCGTCA	HOMER2	22481	31849
ACAGCGGACTCGGTCCAGAG	CAMLG	5661	8089
ACAGCGTGCTCAGCATACGT	THOC7	6696	8628
ACAGCTAATTTGACCAACCA	SLCO1B3	39381	54244
ACAGCTAATTTGACCAACCA	SLCO1B3-SLCO1B7	39381	54244
ACAGGAGTAACTGTGAATGG	SPAM1	41604	55283
ACAGTGCATAAAGCAGTACA	SLC35A1	39895	53617
ACAGTTCTCCCTACATGACG	WDR81	23081	28590
ACATAAAGCCATAGACTGCG	PIGU	19274	27170
ACATACCAAGAGAATCACCC	DPM2	16183	24259
ACATACTCTAAGTCAGGCAG	RAD21	13550	13848
ACATAGTGTGGATATAGATG	CMAS	35676	44320
ACATCTGAATAAACGCTACG	GALNT8	27792	39071
ACATCTGGTACACGGTATCG	GANAB	25836	33957
ACATGATGCAGGACTACGTG	CARM1	30043	42486
ACATGGCCACGAGCAACAGT	MON1B	26273	36868
ACATGTGGGACTATTCTCAG	MON1B	31335	43540
ACATTGCATTCATAATGGAC	DHDDS	1759	1854
ACATTTAACGATCAGAAACG	TNFRSF9	16534	21280
ACCAACCGTTAGTACGACGT	NO_SITE_18	21872	28125
ACCAAGGCGTCGAAATTCTG	NAA20	31890	30712
ACCACAGTTTCTTAATGATA	SKA1	9911	13132
ACCACCAGAAATCCTACCAG	CTIF	30499	43223
ACCACGAGCAAAGTTGACAA	SSRP1	13331	18385
ACCACTATCACTGTCAATGT	SECISBP2L	26843	36610
ACCAGAAAACAATACCCATG	PGAP1	30066	42224
ACCAGCGTGGAGCAAGACAG	GUSB	41117	54471
ACCAGGATCATAACACCCAG	MDN1	6151	10372
ACCAGTTCATGTAATTCGAA	GALNT1	34687	44252
ACCATACGCAGTAGTCATCG	PRMT7	22893	30123
ACCCACAAGTCTGTCGAGGG	NDST4	17109	24069
ACCCACAGGGAAATAAAAGG	DERL1	18753	24498
ACCCACTAGATCTCCGATCT	ONE_INTERGENIC_SITE_4	19423	25723
ACCCCCAAGTGCGAGATCGT	XYLT2	17128	24241
ACCCCCAGTGGCACTAACGT	SEC61B	14174	18892
ACCCCCGAGTGTGAACACTG	TRMT1	29129	39060
ACCCGCCGATTTAACGAGCG	NO_SITE_19	33832	43816
ACCCTGATGGGACGTACACT	TIGIT	16245	23828
ACCGAATATTTGTTCTGTCG	DPM1	31252	42126
ACCGACAGGATCTTCCGCCG	CHST1	20525	27025
ACCGAGACCACGATCGAGAG	ZC3H13	13441	19883
ACCTACAATACCTCGCCCAC	NAA20	15913	15524
ACCTATCGAAGGCCTTCACG	SNRPD2	1296	1917
ACCTATTACGGATTCGTACG	NO_SITE_20	28876	37945
ACCTCCTTCTCAATGGACGT	GMPPB	1682	3304
ACCTCTCCGGACACCAATGG	IRF3	69586	85070
ACCTGACCTGAGGGTCACGT	B3GNT2	25433	35862
ACCTGATGTTCTACTGCACG	ALG12	25826	33911
ACCTGCCTCACAGTGCAGGG	RPS5	24035	39095
ACCTGGAGCACAATGCACGT	HDAC3	11393	14234
ACCTGGCAGCTAGTTGTCAG	DSE	19093	26792
ACCTGGCTCAGGGTGCATCG	MARCO	29453	37929
ACCTGGTGTGGACCCACGCG	USP22	16892	24050
ACCTGTACCAATCCAGCCCG	HS3ST2	27520	36258
ACGAAAAAATCGCCAAGGTA	THOC7	49258	66052
ACGAACGCGTCGATTCGACC	NO_SITE_21	31041	42781
ACGACCAGTGCTTCAATCGC	TRIAP1	2207	4335
ACGAGAAGTTCTCCGAAGGG	ARGLU1	13511	22288
ACGAGCATCGATGCACACAA	VRK1	16452	19964
ACGAGTAGGAACTTTCCCCG	ATOH8	16894	23084
ACGCATAGACAATTTCAGTG	PPP1R15B	8537	12076
ACGGACGGTCCGATACGACT	NO_SITE_22	31315	41695
ACGGAGACTCGTCATCACCG	DCAF4	35296	46330
ACGGAGCAGGGTACACTCGA	RC3H1	19311	24650
ACGGCCGAGAACTTTAGGTA	PPIH	34221	47913
ACGGTACCGCGACCTGATCG	COG1	14849	20777
ACGGTGTAGTGTGACGTCCA	ARFGEF2	20212	26480
ACGTATACGTCGAGACCGCG	NO_SITE_23	20903	26688
ACGTATCGTACGATGATCGC	NO_SITE_24	15982	22152
ACGTCGCAGGAAACCCCGGT	YBX3	14640	19129
ACGTCGTTGCATATGTGTGA	HS6ST1	22413	31230
ACGTGATGTCTCGAAGAGAA	HGSNAT	35370	46326
ACGTGGGTCCAGGCTGAACG	GALNT15	27697	37472
ACGTTGTGGACGTTTACCAG	MGAT4B	22915	32484
ACGTTTAACGCGCGATCGTT	NO_SITE_25	22258	29372
ACTAAGCAGATGTCGATCGG	THOC6	12849	21682
ACTACAGTCAAGGGCGTCAG	MPDU1	27187	41471
ACTACCTATACGTACCGAAA	ONE_INTERGENIC_SITE_5	8744	10330
ACTATCGTACCGATCCGGAC	NO_SITE_26	21519	30062
ACTCACCCGGAATGTGACAA	RNPS1	1236	1869
ACTCACGTCGTCGACGAACG	NO_SITE_27	37064	48240
ACTCACTCAAAAGGGTCGCT	GALNTL6	17554	24391
ACTCCATAGTCTGCGTAGCA	MGAT5	35540	48146
ACTCCCATTTGGATGCACAA	HNRNPF	42996	60038
ACTCGCGCGTTCGTACGATT	NO_SITE_28	32915	40740
ACTCTCACGTACACGCCGTC	SNAPIN	18004	23596
ACTCTTCAGATTTCTATCGA	TAMM41	25209	37208
ACTGAAAGGTAACTCACACA	ADAMTS9	33534	45841
ACTGAAATCTGTAAGCAGGT	SBDS	30854	45907
ACTGACCAACTGTCATCCCG	NEU4	36320	50581
ACTGACCGAGATATGTAGCC	STT3B	24976	35915
ACTGAGAACGCACATAACCC	CD207	22508	30426
ACTGAGACCGCCTTTCACAT	EXOC2	13841	22024
ACTGCACAATATCATATGCA	HSPA4	29884	40138
ACTGCAGTGAAACAATTCCA	KLF5	38036	49391
ACTGCCTAACGGTTCGTACT	NO_SITE_29	38366	49253
ACTGCCTGGGCCAACCATCG	HSPB3	47728	64643
ACTGCGAAGTGAACACCGAG	GALNT16	37740	50043
ACTGCGTTGGAACACCGTCA	B3GNT7	44121	62560
ACTGCTCCCTAGGCACCGAG	ALDH1L1	25820	36014
ACTGCTGGTAGCGCTTGAAG	TRIAP1	9799	17613
ACTGGAAGCACGAATGACAG	NFKB1	41008	54728
ACTGGCACGCTCTATAGCCA	HSPD1	2430	4508
ACTGGCTCTCTACAAATACT	NDST3	29768	40043
ACTGGGGCTGCTGTTAACTG	YLPM1	14430	17362
ACTGGTTTAAGCCAGTTCAC	TMEM30A	13321	20204
ACTGTATATTCAGCAATGCT	DNAJC3	25501	35221
ACTGTGCTTGAGTTTGAATG	LARP4	30772	41605
ACTGTGGCGTGATGGCCGCG	GAPDH	3887	7492
ACTGTTCTACTCAGCCTCTG	PIGY	23185	29882
ACTTACATTACCAATCAAGC	STIP1	13289	19049
ACTTACCTGTAGTCTGCCTG	MRPL30	14907	22027
ACTTACGCACGACGTCGTTC	NO_SITE_30	25693	34132
ACTTCCTACGGCGATCATGG	SEH1L	10295	17545
ACTTCTTGGCAGTCTTACAG	EIF3L	23280	31772
ACTTGACGGCCGGACGTAAT	NO_SITE_31	31860	43576
ACTTGCCACAAGTCTTGACG	TRAF2	12999	14472
ACTTGCCATTACCTCGCAGA	PIGH	24859	32842
ACTTGTGCTTCAGGTTCCAA	MRPS18A	13372	20402
AGAAAAACTAGACTATCACC	GALNTL5	14041	17814
AGAAAACCAGAAGCTCGGAC	EDEM3	16238	19561
AGAAAACTACCATTATGGGG	CINP	12091	25311
AGAAAAGCATGCGTACGCGT	ONE_INTERGENIC_SITE_6	10830	13246
AGAAACAGACCAGAAATGGT	FUT8	32187	44331
AGAAACCAGCAAATGTCCTG	ALG11	4597	6233
AGAAAGACAGCAAACACCTG	G3BP1	37656	52514
AGAAATAATCCTCAAGCCGC	ST3GAL4	21490	32364
AGAAATGTACACGACTCATG	CHSY3	30727	40752
AGAACCACTCGACCTCACTG	MGAT5B	16358	22050
AGAACCAGATCCAGAAGTCA	HNRNPR	28190	36844
AGAACCTGAGGACCCAGTCA	ALG1	8715	13987
AGAACCTGCCGCTCATCGTG	DPM1	39533	61415
AGAACGAGACCAGATAGACC	STX18	16113	19417
AGAACTCTCTTGCTTCGCGG	MBTPS1	8490	14687
AGAACTGTGCCGCATAAATG	SNAPIN	24852	30599
AGAAGAGACAGTCTTTCGAG	ENGASE	26227	35478
AGAAGAGCCAAGTCTCGCGG	HS6ST1	13783	18500
AGAAGAGCCAAGTCTCGCGG	HS6ST1P1	13783	18500
AGAAGCCGCATCATATGATG	POLR1A	16914	25278
AGAAGGTTCCGAGATCAGGT	P4HB	22228	29318
AGAATCTTGTCGGAGAAGCA	UST	41857	58443
AGAATTCCAGAAGATTGCCA	SEC61G	5452	7209
AGACAACGTACATTCCGGGG	YBX3	17999	25674
AGACATCGGGAAACGGCTCG	FURIN	31178	43762
AGACCAAGAATGGCATTGCA	YTHDF2	16120	19663
AGACCAAGTGACCTACAGTG	MRC2	31150	41539
AGACCACTCTAAGTCACCGG	MED24	12399	16730
AGACCCCACATACATGACCA	TLE3	24730	29861
AGACCGGTCGATAACGAATA	NO_SITE_32	38222	47546
AGACCGTCGTCGATCGATAC	NO_SITE_33	28147	34920
AGACTAGGAAGGCCACAGCG	DOLPP1	33262	49210
AGACTCACGTGACAAAGATG	ALAD	36736	44397
AGAGAACATCCTCTACACTG	SHROOM2	36795	47659
AGAGAACATGGATCTTCCAC	ST3GAL2	23201	30360
AGAGAATGTAAGATTTCAAG	EDEM1	39487	56494
AGAGAGAAATACCAGAGCCA	SEC61A1	2503	3935
AGAGCATTAGGACCAAGGCT	ST6GAL1	27999	35115
AGAGCCTCGCGCGTCACCTG	ZNF787	21758	30746
AGAGGAAAGTAAGAAGCCGG	THOC6	14365	20155
AGAGGGTGTTCTATCAACAT	UBR2	17215	22560
AGAGGTGCACGGTCCCATTG	TNFRSF1A	36401	50084
AGAGTCCAGTGGTCATTCAG	TAF6L	27829	44190
AGAGTGCATACTCACAGCTG	NDST2	22160	27299
AGAGTGTGGTTTATGCATCG	GCNT1	21616	27483
AGAGTTTGGGGAGCATTACG	HEXB	37962	49676
AGATAACTACTTTCGGAGTG	RALB	15723	21905
AGATAATGGCTATGAAGACA	ALG13	35177	45563
AGATACGGTTATTTCGTTCG	NO_SITE_34	40455	55091
AGATACTCACGGAGGCCTCT	HMGB1	35773	47072
AGATAGAATAGCTCTCCTTG	H2BC3	8695	10724
AGATAGAATAGCTCTCCTTG	H2BU1	8695	10724
AGATAGAATAGCTCTCCTTG	H2BU2P	8695	10724
AGATATATAACGGCAGGTCG	ONE_INTERGENIC_SITE_7	28759	35688
AGATATGGCAAAAGCGGACA	HMGB1	25404	32209
AGATCAGTAGGATGTAAACA	CMAS	24176	32200
AGATCCGGGAGATCGCGGAC	TPT1	16053	26623
AGATCGCGTCGGATCGCATC	NO_SITE_35	32546	44166
AGATGCGTCAGATTCACCAA	COG7	17750	22333
AGATGGCTACTCTGGAGTTG	RPS3	4054	6517
AGATGTACACGAAACCAGCT	ALG3	21200	31685
AGCAAAATTGAGAACCACGA	PKLR	30299	39606
AGCACACTGTACTACCAACT	DNAJC3	26550	39032
AGCACCATTACCACCTCGTG	COG7	18940	24964
AGCACGGCAAACGTCCATCA	TTI1	12947	26116
AGCACGTCCCAAACCGCGTG	ONE_INTERGENIC_SITE_8	27306	37672
AGCAGCTCGAGTGGACTGGG	EIF4B	16531	21000
AGCAGCTCGAGTGGACTGGG	EIF4BP3	16531	21000
AGCAGCTCGAGTGGACTGGG	EIF4BP7	16531	21000
AGCAGTAAGCCTCTCTACCT	CHSY3	27213	36554
AGCAGTTGTAAATGCAACGA	ALG5	24499	36471
AGCCAGCGGTGAATTCCACG	GALNT17	28375	38236
AGCCCAAGCTACAAAAGTGG	SLC35A1	29316	37061
AGCCCCACTACTGTCAACAC	SEC61A1	8948	13436
AGCCCGATGTCTGCGCCACG	NACC1	32883	48430
AGCCCGGAGAGATAAATGTG	ADAMTS9	38232	49688
AGCCGAGGTAGCGTTCAGGG	MOGS	30334	42582
AGCCGCAGTCATAATAATTG	HOXB8	28099	38388
AGCCGCCCGAGGACTCAGTG	MRC2	30707	41189
AGCCTCAAGATCATCAGGTG	GAPDH	8488	15973
AGCGAACGCAGCGAGAGCCG	PIGH	15045	21942
AGCGCCTCGTCCGACAGGTG	MAFF	23574	29450
AGCGCTCCGGCAAAACCTGG	PGGT1B	17581	28530
AGCGCTTATTGTAGTGAGCC	H2BC3	24965	34086
AGCGGAGAGCCCTATAGACG	TSC22D2	15475	20997
AGCGGTAACGGTCACTTACG	CHST14	28217	36097
AGCTAGGCATGATTGACCGC	PARP1	14582	20218
AGCTATTTAGGCCGCGCGTG	ONE_INTERGENIC_SITE_9	23014	29367
AGCTCCCTTTACTACAGACT	GABPB1	23775	39709
AGCTCCTTCTGTCTACTCGG	XYLT1	35563	46494
AGCTCGAGCAGATTTCATTG	TADA2A	24497	34809
AGCTGACTCACATCTAGGGT	CANX	20447	25198
AGCTGTACTCACTCATGGAA	B4GALT5	45594	54194
AGCTTATGTTGGAGGGACGA	GALNT2	46276	59462
AGCTTCCTATTTACAATGGG	OSTC	26231	46392
AGCTTCGCATACAAGGGGTG	METTL16	20995	31848
AGCTTCGTTTGCATATGCAT	HBS1L	21010	32371
AGGAACTTGGAACTGTCATG	CALM1	36304	47312
AGGAAGTCATCCGCTGACGC	RABGEF1	19511	30038
AGGAATCCCTAAATGAGCTG	UVRAG	18493	25515
AGGACACAGACAGTTCAGCA	XYLT2	37815	52791
AGGACTTCCTGGCAGGACAA	DPM3	17956	25645
AGGACTTGGCCGAGAGATTG	SSR3	39399	54846
AGGAGACAGGAGATGAGGAA	ALG10	39042	48564
AGGAGACCAACCTCGCACAG	TRMT1	25633	38812
AGGAGATGATTCCCGGTCAA	CDH9	28598	38359
AGGAGGGTGAAATCAGACAG	MAN2A2	37227	49744
AGGAGGTCATTGAATACGCA	HEXA	22841	30447
AGGAGTAAGGCAGCATGACG	VAC14	24759	31234
AGGATACACGAAGAACCAGG	TMEM258	19734	28317
AGGATATTCGACGTGGGTGA	DOLPP1	63722	90273
AGGCAACTATGAACTAGCTG	DDOST	5971	9684
AGGCAATCAACACCTCTCTG	ADAR	11980	14555
AGGCACTGCTGCATACTCTG	CSGALNACT1	29857	40364
AGGCAGGCAAGAAAACCACC	PDZD11	22045	27842
AGGCCACAAAACCCGAAGGC	CANX	23507	30047
AGGCCGATTCGACACAGACA	ENGASE	34763	48745
AGGCCTGGATCACGCAACAG	CHST7	30771	38531
AGGCGAAGAGGCTGCACCGG	PARP16	26357	33849
AGGCGATTCGGATTGCACAT	ARFGEF2	24243	27270
AGGCGCTCGTATTACGTAGT	NO_SITE_36	23971	31266
AGGCGGCCCTGTGTGCGCAG	DMRTB1	18644	24079
AGGCGGTAATTCTGCGAGCA	PPA2	24511	33013
AGGCGTAGAAAAAACCATCA	MON1B	31716	42994
AGGGCAAAACTGTTGAACGT	B4GALT3	15731	21974
AGGGCGTCATGAGCGCAGGT	DUS1L	24341	36452
AGGGCTTTCAGGATTAGACG	UGGT1	25993	35425
AGGGGCCCGCCGTGGAATTG	HEXB	48913	64388
AGGGTACATGAAATGGTGGG	ST3GAL2	44343	59653
AGGTAGAGATCTACTCCCCT	XPOT	20879	26866
AGGTGACACGGCTCAAGCAG	MAFF	37334	47422
AGGTGCGCCGTATACGTCAT	NO_SITE_37	30951	41405
AGGTGGTGACTTTCGATGCA	PIGL	34786	49065
AGGTTATCGCGCGCGAACCA	NO_SITE_38	37337	51855
AGTAACTTAGGGGTACCGCC	MGAT5B	23319	29748
AGTAAGAAATATGCTCCCAC	XRCC5	5071	7882
AGTAATGACAAAGATGATCA	NUS1	6123	8510
AGTACACATGGAATGTGCTG	XPOT	28224	37550
AGTACTGCTAGAACTTCGGA	CNOT6	32973	42171
AGTACTTCTTCTCGTAGTGG	HS6ST1	10865	16015
AGTAGCCCTCAGCACAATCG	TOMM40	6023	9109
AGTAGGTATCAAATCCTCGG	ARSB	14933	19791
AGTATAGTTGTATCTGCACT	SSR1	17169	21573
AGTATCTGTATGTCAAGCGG	NPC1	16749	21638
AGTATTAGGTCGGAAAGACA	EXOC2	19454	24158
AGTATTCTTCCCGAGCGCAT	CTIF	15906	21007
AGTCACGCATTGCCAAGCGG	BIN1	29913	40946
AGTCACTATCATCATCCACA	GALNT11	47638	59949
AGTCAGTGGTCCACAACGAC	ONE_INTERGENIC_SITE_10	15129	19414
AGTCCCTAAAAGCCAATGGG	PIGC	35518	45856
AGTCCTGCTAAAGAAACCAG	PIGY	34640	45682
AGTCGACGACGACGTATCGT	NO_SITE_39	38639	50160
AGTCGTGTCCCGCATGCTCG	SEC13	4886	6367
AGTCTTAATGCCTTCAACGT	HDAC3	10006	11322
AGTGAACAACTATCAGCCTG	FUCA2	32247	40470
AGTGACATTGACATCGTGGT	GPAA1	20036	26851
AGTGAGCTCTCAAAAAACGT	XPO1	1303	1544
AGTGCAAAACCAGACAACCC	PIGV	28691	40717
AGTGCCAATGTCGAGAACCA	PRMT7	19423	25139
AGTGCCTGCGCAATGATCGG	GALNT16	29638	40280
AGTGCGACCGCGGTATATCG	NO_SITE_40	31783	43373
AGTGCGGTCGACTATCGATC	NO_SITE_41	39056	51742
AGTGCGTACGTCCGTATACG	NO_SITE_42	28935	35649
AGTGGATTATAGAAGTTACG	PIGK	38867	53208
AGTGGCACAAGATCTTACAG	SSR1	9534	12930
AGTGGTCCAGAAAATCGGTG	PKLR	16495	20936
AGTGGTGGGAACGACAAACA	RPS6	1978	3359
AGTGTTCTCGACTTCGTCGC	SDHAF2	14469	18319
AGTTACAAGGAATACACTAG	DNAH5	25744	32411
AGTTACTGGCATTTAAACTG	ZC3H7A	35825	46304
AGTTGACAGAGACACAGTAC	MAU2	5667	9697
AGTTGCTGGACCAAACAGTG	NUP133	5416	7882
AGTTGGCATTGCTTACTCGA	VPS53	30136	37119
AGTTGGTACATCACAAACAT	ATIC	18208	35747
AGTTGTCTACTACAATGCAA	CACNA2D1	34155	45776
AGTTGTGGAAATAGAATACG	WDR12	4589	8581
ATAAACTGGGAATGGCTGGA	DOLPP1	33983	51918
ATAACCAGTTCTCTCAAGCA	HNRNPR	37902	50961
ATAATATCGAGCTAGGCCAG	CACNA2D1	16347	21223
ATAATCAGAAATAGCTCTTG	HS3ST5	18874	24583
ATAATCAGGTTAGGACCCTG	REXO2	19453	26965
ATAATCATTACACTGGAGAG	PIGL	39225	54228
ATAATTGGTCATTCTATGGG	PGAP1	49602	60897
ATACAAGGTGTTGAGCGCTG	RFX6	29045	39011
ATACAGTCCTCGCCGACCAT	ONE_INTERGENIC_SITE_11	29471	38567
ATACATACCTAATTTCAAAG	MANBA	28220	37078
ATACATGAACTGAAGCGTCA	RALB	21841	31081
ATACCATATTCTAGCAAAAG	MRPL13	17518	25434
ATACCCTGTATAGGTCGCAT	ONE_INTERGENIC_SITE_12	14943	21414
ATACCTTGTGGATAGCATGT	STAG2	18193	18042
ATACGCCACACCGCGTCGTT	NO_SITE_43	33702	43650
ATACTGGCGAATATGGCATA	SSR3	21885	31643
ATAGAAAGCAATGATAACAG	GALNT4	24254	30878
ATAGAAAGCAATGATAACAG	POC1B-GALNT4	24254	30878
ATAGACGCTATCCACGTCGT	YBX1	5957	8611
ATAGACGCTATCCACGTCGT	YBX1P10	5957	8611
ATAGATATCACGAGTGTACT	TMEM258	6486	8947
ATAGCAATAAGGAGGTAGAC	PIGP	16634	21006
ATAGCAGAGCACCAGAACTG	RFT1	13520	21631
ATAGCGTAGCGTAGATGGAG	CERS1	15942	21256
ATATAAGGATATCACTGACG	RINT1	9489	12837
ATATACCATCGCTGTAAAGG	SUPT16H	1720	2990
ATATAGTCATACGTCGGTCG	NO_SITE_44	45620	59597
ATATCACGTCCATAACGGGG	EXT1	29221	35766
ATATCGACGACGTCGAATTG	NO_SITE_45	31141	42257
ATATCGCGCGACGATTCGTA	NO_SITE_46	29274	38926
ATATCGTCGGCGTACGATCT	NO_SITE_47	30375	43409
ATATCTGAGTGGTATACAGA	ST6GAL1	39980	50091
ATATGACCAACTCTAGAACA	GALNTL6	35666	44637
ATATGGACACAAATGACATG	C1GALT1C1	28478	34530
ATATTAAATTACCTCGAGGA	PIGN	26777	36497
ATATTCATTGATCACCTCAG	USE1	24548	32681
ATATTCGCGTTACGCGCATT	NO_SITE_48	18618	27296
ATCAAAACAGTTGAATTACA	RAB10	30982	37770
ATCAAAATCGGAGTGGTAGG	PMM2	31045	45778
ATCAACAGGCAACTTACCTG	PIGX	37867	50289
ATCAACGCGGCGGACGGATT	NO_SITE_49	53102	70942
ATCACCAGGCCCATATGCAC	NUS1	1104	1993
ATCACCAGGCCCATATGCAC	NUS1P1	1104	1993
ATCACTATTGGTACCGATGA	ONE_INTERGENIC_SITE_13	15419	19446
ATCACTTCATAAGTGAACGC	ALG5	16669	25424
ATCAGACCAGTCATTATACC	ARMCX3	21820	27764
ATCAGGGTCAGGGATATGCT	CALR	24972	33572
ATCAGTTCGTGGTTGCATTG	RPS6	1366	2667
ATCAGTTCGTGGTTGCATTG	RPS6P9	1366	2667
ATCATCAATTTCTTGGTGGG	RAD21	9863	11465
ATCATCATTCAGACCTTCGA	HSPB3	35181	46166
ATCATCGGCGTGAAGAAGGG	HS3ST3B1	47569	66844
ATCATCGTTAGCCAGGACTG	MGAT1	37184	58831
ATCATGGAATAGTTTCGAGG	TUSC3	28703	36571
ATCATTGCCAATCACCCCCA	DGAT2L6	44126	55703
ATCCACAACCATGCGGACAT	TRAM2	22797	34326
ATCCAGACCATGATCACACA	MAPK1	43731	57350
ATCCCCAGGAACTCACACGG	RAC2	27476	37386
ATCCGAAGCCTAGCTCGTGG	WWTR1	29421	38325
ATCCTTGCTCCATACCAACA	NEU1	28709	36356
ATCGGCTCCTGCGCCCAAGA	H2BU1	31773	39514
ATCTACACCCCATCTTGAGG	B4GALT2	14078	18982
ATCTACGCGGACCGTACGAT	NO_SITE_50	34814	44189
ATCTCCATGGAGACTGACTC	SELENOK	18838	26495
ATCTCCGAGCACAAGTACCC	PIK3R6	23628	33290
ATCTGACCTACCCATCTAGG	HPSE2	29708	37465
ATCTGCGACAGGATCAGCAG	SYS1	3184	3865
ATCTGCGACAGGATCAGCAG	SYS1-DBNDD2	3184	3865
ATCTTAACGTCGACCCCGTG	ONE_INTERGENIC_SITE_14	14408	19572
ATCTTACGCGAGTCGCGAAC	NO_SITE_51	14732	19768
ATCTTCGTGACATTGACCTG	NAGLU	28794	39724
ATCTTTATACCTAGATCTCA	CNEP1R1	31724	36955
ATGAAATCAGACATCACTGA	INTS12	19112	25602
ATGAACTCAGACCTATTGCA	MAN1A2	17504	28938
ATGAAGACCGATATGACAGA	EIF4B	15065	21419
ATGAAGACCGATATGACAGA	EIF4BP3	15065	21419
ATGAAGTTTCGTCAAGACTG	WDR36	6919	12361
ATGAATGAATGCTGTCTGTG	PLAC8	41373	54740
ATGACCTCTACAGCAGTGTA	WDR12	5642	11203
ATGACTTCTATACTGCAACG	HGSNAT	27745	36917
ATGAGATAATTGAGCAACAA	CENPE	21041	27338
ATGATAGAAACCCATAACCT	SECISBP2L	19724	28533
ATGATCGGGTCAACCGATCG	NO_SITE_52	36720	46886
ATGATGCACGGCCGCAACAA	RPS5	13120	18779
ATGCAGTCTGGCATACATCG	WDR36	3712	7583
ATGCATCTAGTAACCAACAG	SMARCA5	16848	25211
ATGCCAGTATGGCAACTCCT	HIKESHI	12467	21021
ATGCCCACGCTCACTGACAA	NDST1	30993	39738
ATGCCTGACCTGCCAAACGT	ELP3	16116	29784
ATGCCTTGATCACATGAGAG	HBS1L	23185	35286
ATGCTAGGACACATTAGGAT	C1GALT1C1	32313	38401
ATGCTGCCTTAACAGGCGAT	PTAR1	13704	20890
ATGCTGTGGCCGTTACAATG	HSPD1	4477	9357
ATGCTTTGGCGGGTATGCCG	ATP6V0A1	25181	38191
ATGGAACAAAGTATCTTGCT	DNM1L	13519	21078
ATGGAGGACAGACATGACAT	IFNW1	31688	40160
ATGGATTGAACGGAATACCC	PGGT1B	11628	15782
ATGGATTGCCTCAATAGCTG	ALAD	20492	29092
ATGGCAAAAACTGTATCCGG	CHST2	13314	17925
ATGGCCAGGTAGCCCGACCA	MBTPS1	8773	14800
ATGGCCAGTCACGAGAACCC	ZNF787	31483	42195
ATGGCCATAAGCTTTCGTGG	HNRNPH1	10953	15899
ATGGCGACAGCATAGGCTCG	DPM2	21008	29383
ATGGCGTTGATGACGCGGCG	MGAT3	26273	34062
ATGGCTAGGTCACTCGACAA	ONE_INTERGENIC_SITE_15	25267	29568
ATGGCTCAAATAGGATTGCG	YLPM1	17729	21630
ATGGCTTAGAAACATAGATG	RAB10	35376	45452
ATGGCTTCAAGTATTCCTCA	ARSB	27053	37482
ATGGGACCCTCACCGCCCCG	PMM2	38128	56519
ATGGTCAAAGTGGCTACCAT	PIGW	20912	29612
ATGGTGCAAAAGATGTCCCA	PDIK1L	22447	31366
ATGGTGCAACTCTGGGTCCC	THOC7	17987	25490
ATGGTTAAAAGAGTACTGGT	REPS1	39703	53176
ATGTAAAAGAGTCCTTTCGA	VPS54	16018	23572
ATGTAACATACGCGCGCTAG	ONE_INTERGENIC_SITE_16	9095	12215
ATGTAGGCGCGATACGAGCG	NO_SITE_53	19986	27764
ATGTCATACTAGACAATTTG	C1GALT1	23125	26481
ATGTCCACAAACGCTACCCC	GALNT17	23506	35865
ATGTCTTACGCCCGCGATAT	NO_SITE_54	38784	51151
ATGTGATTTCCCTTAGGATG	MRPS14	19507	24444
ATGTTCCTGTACTCGTGCGC	HS3ST3B1	11629	16227
ATGTTCTGAACAGGTGGTCT	TIMM9	21560	28312
ATGTTTATATTTCACAACGG	ICOS	18033	23362
ATTAATTGAATGTGGCTGGA	ENY2	3715	6607
ATTACTCTGATTGCCAGGCC	GMPS	8572	20062
ATTAGTGGACAGCACTTAGT	NPM1	18350	28774
ATTATACCGCGCCGCGCAAT	NO_SITE_55	22671	30986
ATTATTAATTGGATGTGACG	ALG6	14493	20512
ATTATTATCCCACATCGTGG	CHST15	19093	26443
ATTCAGAAGAGAATTTCAAG	GALNT11	25134	30638
ATTCAGCAACTACGAACAGA	STX18	5642	8279
ATTCCAGTACGATGTCAGCT	HEXA	27432	36500
ATTCGACGACATCCCCAACT	CHST12	15725	21963
ATTCGAGGCATAGTAACTGT	PIGG	28768	37490
ATTCTTAACAGGCTAAAGGT	HSPD1	6292	10473
ATTGAACTAATTCACCAAGA	MGAT5	37300	50320
ATTGAATATGCCAGATTACG	HEXB	18794	24398
ATTGATAGACGTCACCACGA	DNAH5	12237	16039
ATTGCAGACTCGTACGATCG	NO_SITE_56	32875	43795
ATTGCCATGGCAACAGCAAT	SEC61G	8724	11440
ATTGGATCATCAGATCATGA	UGGT1	33937	45851
ATTGGCTGAGCAGTTAGTGG	B3GNT7	44368	56177
ATTGTAACTCGAATAGTCCA	SLC17A3	17394	25117
ATTGTATGGATGGAGTCGAG	PIGP	23735	31075
ATTGTCCTAGCTCTAGACTT	CNOT6	32484	42739
ATTGTTGCATCATTGCTGTT	YEATS4	22037	36956
ATTTACGGTTCGTTCGCGGC	NO_SITE_57	15663	19619
ATTTACTTCAAGTCCCGCGG	CERS1	21281	28575
ATTTATTACAAAAGGCACCT	DPP4	19594	24989
ATTTCCGGGACATAACCCCC	ALG13	15356	21335
ATTTCGATAACTTACGCGAG	NO_SITE_58	19850	27986
ATTTGAAGATATGGCAAAAG	HMGB1	32398	40743
ATTTGACACTCCTTATGAAG	UBE2Z	20435	28723
CAAAAATGTTACCTGAGGGA	PPA2	30970	42100
CAAACACGTCCATGTCGCAC	CHST6	19253	25761
CAAAGACTCGGAATGCCTCA	CALM1	41053	51435
CAAAGGTATATAACCCTAGG	NDST4	34211	45997
CAAAGTACGTGTGATAACCC	ALG5	19887	30774
CAAAGTCCTTACAGTCGCCG	PARP16	24660	32180
CAAAGTCTGCTGTCCGACCT	DERL2	21788	29062
CAAAGTTACCGAGGATCCCT	GALNT7	28449	37385
CAAATAATCCACGATCAACC	ALG6	13245	19281
CAAATCCAGGAGTTCTACCA	HOXB8	36160	51456
CAAATGTATATAATCCCAGT	NDST3	24280	31652
CAACAAGAGTACAAAACAGC	SBDS	13993	22924
CAACACTTTGTTACAACGCT	C1GALT1	36006	47467
CAACCGTTCAGTGTCCGTAA	HSPA8	12073	20376
CAACCTCTCGTACATCGGCG	MAPK1	25669	32235
CAACCTGAATTGGGAACGTG	STX18	15553	23339
CAACGCAGGGAACCAAACGG	B3GNT2	23145	32817
CAACGGGCAATAACACAGTG	UBE2Z	34427	46722
CAACTCGATAAGCCAGTACA	ZC3H7A	31551	40680
CAACTGCCATTATTCCATGG	MOGAT1	34023	44688
CAACTTCTCCACACACATGG	REPS1	51178	67753
CAAGAAAATAGTGTGGCGTG	GALNTL5	28903	38151
CAAGAACATTCTGTGTTCTG	RPS3	41391	56884
CAAGAACGAAGTGTGTATGG	RPRD1B	18818	23971
CAAGAATAACTAAGCATGAG	PGGT1B	11674	17385
CAAGAATACACCTTGGCCCG	EIF3L	19941	25285
CAAGACCATCGACTTGGAGT	ST3GAL1	21028	27904
CAAGACTCTCTGGATACTTG	ALG10	20386	29258
CAAGACTCTCTGGATACTTG	ALG10B	20386	29258
CAAGCAACGTCGTACGCTAG	NO_SITE_59	35457	46975
CAAGGAAGATGTACCCATGT	RNASEH1	28832	35475
CAAGGACGTTTACCGTCGTA	NO_SITE_60	33585	45368
CAAGGAGGTCCAGACGATCG	THOC6	14057	21545
CAAGGTCTTATAGCCCAAGA	PACS1	22938	27925
CAAGGTTCCTGGATGTAGCG	PIGZ	18614	27013
CAAGTAATTCAGGATGTGAT	B3GNT2	39463	57879
CAAGTACAAGCCCGAATCGG	P4HB	21374	25181
CAAGTCACACAACACCAATG	ST3GAL2	34894	49000
CAAGTCGTGTGGGACGAACC	CNNM4	16674	23573
CAATAATGAGACATGCACAG	EDEM1	23958	33602
CAATAATGCTCGTCTATGTG	DERL2	28093	41770
CAATAGAGTCCGCATTACCG	PIGM	20554	27098
CAATCCGGGAATACCGAACA	ONE_INTERGENIC_SITE_17	36967	52572
CAATGAACCTCTATTCAAGT	GTF3A	12892	25003
CAATGATAGCAAACGTAGTG	C1GALT1C1	22192	23987
CAATGTATACAACGATACCC	CDC45	2075	2629
CACAAAAACGGGGTTACGTG	MAPK14	28321	42304
CACAACGGATTCGGAAATCG	GTF3C5	22012	36082
CACAAGCAAAAACGCCATGT	NPC1	12270	17581
CACAATACCACACCAGGCGA	INTS12	17703	22673
CACACAGGTATGGTGTGAAG	ALAD	30201	35597
CACACAGTTTGGCTTCCGTG	ALG3	34361	51055
CACACCCATGACGAACATGG	GAPDH	4406	8542
CACAGACAGGGAGAGCACAT	TGIF2	48067	59564
CACAGGCAGTAGCAAACGAG	GALNT5	34444	43325
CACAGTGATCCACTGCGAAG	VCP	1203	1958
CACATGTCGACGTACGCCCG	NO_SITE_61	32288	40355
CACCAAACGTACCCAGACAA	NPC1	15464	19011
CACCACTGAGGTGTAGACAT	MAN2B2	30911	41187
CACCATTAACCTATACCTCG	EMC1	15345	22867
CACCCCTACACGTTCCCGGG	GALNT2	18523	20689
CACCCCTTACCCGATCCTTG	TAF6L	28230	39759
CACCCTGAGAGTGACCGGCG	FERMT2	18812	24272
CACCTATGAAAGACTAGCAG	FXN	17244	22570
CACCTCGGAGCGGATCCGAG	TRMT1	17149	23747
CACCTGCCACGAATGTGCCA	MBTPS1	14367	24084
CACCTGCGACATGTAGCTCA	GMPPB	4608	7028
CACGACACGCCCGTCGATTA	NO_SITE_62	44561	58759
CACGACGACGACGACATCCG	MRC2	29303	42336
CACGACGTGAATCATGACAT	SRD5A3	21374	27072
CACGCAGCACGACCGCCGCG	B3GNT7	31208	42819
CACGGACAGTGCTCTTCGAG	NEU4	35426	44201
CACGGCATTCCAACGGACAT	NDST3	28387	39767
CACGTCTGACCGCGACATCG	B3GAT1	29808	38365
CACTACAAGACCTATGTCGG	B4GALT7	19422	26993
CACTACGACGCGCTAGTCGT	NO_SITE_63	36340	48048
CACTATCGGGCGATAACGCG	NO_SITE_64	20685	29330
CACTCGTTCCACGATCTCCG	VPS51	17429	22122
CACTGCGCAGATATTTCCGT	YBX3	12758	18546
CACTGGGACACATTGCTGAG	SSRP1	2595	3715
CACTTGCCATACTATCCCAC	ERAP1	27809	36088
CACTTTGACGACACCAATCG	ADAT2	38179	51450
CAGAACTCATTCCGGCCTCG	PPP1R15B	9335	13036
CAGAAGCAGCGACTGCTCAA	CHPF2	36434	49007
CAGAATCAAGTGGAACCGGA	PRND	40262	49863
CAGACAAAGGCATACCTAGG	SGSH	35680	46929
CAGACACTCACAGATCATGG	DPYSL4	39522	50523
CAGACGGGTCATTCCACGTG	HSPA5	4278	5423
CAGAGCCTGAGATGGACGTA	USE1	13088	18770
CAGAGGTAAGTGTCGAACGG	ONE_INTERGENIC_SITE_18	38885	50451
CAGAGTCAAGTGCATAAGTG	GLCE	27559	39031
CAGAGTCATCCAAAATAAGG	RPN1	12183	18499
CAGAGTGTGACTGCACTCCA	TNFRSF9	35813	46222
CAGAGTTAACCCCATGCACG	CHSY3	21997	28772
CAGATGACGTCTTGATAATG	XPO1	2732	3875
CAGATGCGCGACCTGGCACG	EDEM1	27692	36894
CAGCAACATATGCTCGATCG	GLB1	19771	27160
CAGCACCATCTCCATCAATG	THOC7	6264	9305
CAGCACGAGTCTGGTTGTGC	PACS1	19131	29145
CAGCAGCCCCTTTCCCACGT	TGIF2	15532	22687
CAGCATTGCTGATCTCATGA	DHDDS	4476	7170
CAGCCATCTGATCTCGACGA	ONE_INTERGENIC_SITE_19	35985	46648
CAGCCGATTTCAGTACCACA	NDST4	21063	26498
CAGCCGCCAGAGTGTCATTG	MARCO	36268	51260
CAGCCGTCAGCTTTAGTCAG	ZC3H7A	34797	48396
CAGCCTGCCAGTATACTGGG	SMAD4	41352	52320
CAGCGAAACCGAAAACATGC	ZBTB38	14983	21866
CAGCGACATACGCGACGTCG	NO_SITE_65	24397	31680
CAGCGGCACCGAACATCGGG	MUS81	22333	28311
CAGCGTATTGCCGACGCTAG	NO_SITE_66	37816	49576
CAGCGTGTATTCCATACCCC	CHPF	20090	28165
CAGCGTTTATGACCCACAAG	ZNF341	26844	35037
CAGCTACCAGTAATAATACG	EXTL2	15529	23554
CAGCTATCGGATCATCAGTG	HOMER2	30210	39091
CAGCTGCATCCTTCTCTACG	SELENOS	24595	33966
CAGCTTTAGCAAATGATACA	YEATS4	25590	41176
CAGGAATAAAGGCCCACACG	PIGP	24022	30774
CAGGACAAATGACCAGTTGG	XYLT1	42784	55041
CAGGAGACACAATCACAGTG	GALNT8	36351	47793
CAGGAGCCGATATAGAACTA	ANKRD17	25853	30453
CAGGAGGCACAGGAGAACTA	KRTCAP2	22131	27119
CAGGATTACTCGACGCCGTT	NO_SITE_67	20196	26719
CAGGCACAATAGAAACAACG	TIGIT	33262	43115
CAGGCACACAGACTCGCCCT	TIMM10	17029	23102
CAGGCAGAAACACCTCGATG	GAB2	28543	36289
CAGGCAGAAGCAGATTCAGG	RABGEF1	23316	32403
CAGGCCAAAAATGAACCTGT	SAFB	27093	39861
CAGGCCGCGGACAAAGTTTG	MALSU1	31121	41886
CAGGCGCTCAGCACTGACGA	NEU4	28687	37648
CAGGGCGGTCATTACACCCA	MON1B	29413	39126
CAGGGTCTCCAACGTGTCGG	MGAT2	28002	41282
CAGGTAACTGTATATCTCCG	RINT1	12857	18135
CAGGTAGACAGACGGGAAGA	HYAL2	26348	36177
CAGGTCATAGAGCTTCTGCA	CHST13	38329	50838
CAGGTCGGACTCACCAATGT	DDOST	2475	4065
CAGGTGGGATTCCCCAACGC	MTG2	9820	13932
CAGGTTGCGATAATTCTGGG	WDR81	33187	45610
CAGTAACTTGTCACCCATCG	BSN	29431	38257
CAGTAATGCTCATACTCCTG	STAP1	28895	37295
CAGTCTCAGAGGCCTAGCCA	ST6GAL1	45772	61397
CAGTTCATCCGGCCTCATGG	MRPS18A	18367	25269
CAGTTGAAGGCACACTGTAA	ENY2	4129	7086
CAGTTGAGTGTTGCGGGCAA	HYAL3	27746	37959
CAGTTGGGTCCCCTTTACCT	CAMLG	15433	20496
CATACGCGTAGCCCAAGGAG	PABPC1	13025	15928
CATACTGCTCGTAGTCAAAG	CDC45	10760	13274
CATAGCGACTCGATCTCGGT	ZPR1	5020	9701
CATATCATCGCTGACAACCT	DNLZ	12553	20170
CATATGGTTAGTGATAGCGA	FAF1	26368	38153
CATCAACCCTGGGTAAACCT	STT3B	31735	44460
CATCACTCCTACCTGAGATG	BIN1	31123	41596
CATCAGCCTTAATTCGACGA	SMARCA5	15734	23841
CATCATGAAGAGCTCCCCCG	CHRAC1	15564	17663
CATCATGAGCATCATAAGTG	FERMT2	27986	37931
CATCATGTTACACAAAATGG	SPTLC2	35973	50244
CATCCATATTATGAGTTGAC	EIF5A	1855	2816
CATCCATATTATGAGTTGAC	EIF5AL1	1855	2816
CATCCCAGCAAAGAGCAGCA	KRTCAP2	37445	52233
CATCCCATTTGGGAATATCG	PIGO	31669	41631
CATCCTTCCGAAGCATGTCT	TGIF2	32140	43895
CATCGACATCTTCGGGCGCA	ARGLU1	11305	16382
CATCGCTCAGGAGATATACG	ATXN7L3	15597	22680
CATCGTCGTTACACTTGTTG	SMPD3	32290	42209
CATCTGAACTATCGCCAGAA	MAN1B1	21499	29866
CATCTGAGGCCTTACCCCCG	TGIF2	24817	34103
CATCTGCACAGCAGTCATCG	TIGIT	37189	49991
CATGAGCAGAACATCGACTG	CALR	34741	45724
CATGCCTTTCCTGTCACAAG	TLE3	19217	24650
CATGCGCCAACGACGCGATT	NO_SITE_68	5446	7369
CATGCTTAGTCCAGTATCTG	SECISBP2L	25130	33588
CATGGAATACCAATCAACAT	NDST4	24655	33320
CATGGATCAAGACTACGCCA	EMC1	37067	53761
CATGGCTCAGCGGATGGTCT	REXO2	32944	45732
CATGGCTCGATTAAAGGGTT	B4GALT5	22261	27461
CATGGGACACCGGTACATTG	HNRNPF	52149	71797
CATGTGGTTGTAGAACACTT	HS3ST1	29950	39646
CATGTTAAGTCCGGATCCGA	SMG1	8193	9734
CATTATCGTCGCGCGTATCG	NO_SITE_69	23814	31046
CATTCCATTCCGCAACCGGC	B4GALT1	20361	27927
CATTGCACAAAAGTTAACGG	ALG10	20024	25723
CATTGCACAAAAGTTAACTG	ALG10B	22456	25562
CATTTAGAGCAAATATCAGG	HPSE2	23628	32699
CATTTATATCGGTTGCGCGC	NO_SITE_70	26785	36709
CATTTGGTGCAGAAGCACCA	IFNW1	28921	40087
CCAAACAATCGCGCGCGATT	NO_SITE_71	36441	48686
CCAAATGGTCGTCCGCCCAT	SSR1	19679	28718
CCAACCGTGTTGTATGTGAG	OSGEP	8513	15284
CCAAGGTAAGCCAATACGGG	ALG9	34500	47613
CCAAGTTCTAGAGCTAGACG	TTI1	16891	26834
CCACAATGTCCTCCCGACGA	ATXN2L	25665	36106
CCACAGTATGGAACTGCATG	DHX30	19131	28624
CCACCAAGGTACCTTCTGTG	MGAT5B	48126	61746
CCACCACTGAGTAAAACCTA	GMPS	7982	20691
CCACCGTTCGACGCCCACGT	SHROOM2	24987	31866
CCACCTCAGCTACTTGACAG	MAN1A2	18192	30434
CCACGCGACCGTATTGTCGA	NO_SITE_72	38285	51010
CCACTAACGTCGCGATTGCG	NO_SITE_73	27071	36916
CCACTCTATGAGGATAGTCA	PTPN2	34553	42493
CCACTGGTGCATATGTTCCC	IRF3	20068	23850
CCACTTGGCCAGCAGAACGA	ALG1	25705	42731
CCAGAGCCCATACCTGGCAT	B3GAT3	26006	33823
CCAGATCCCTCAAAATACTG	AGA	34912	46346
CCAGCAAAGCTCTAAAGGTG	MAFF	24740	31276
CCAGCAAATGCGTATCCGCG	ONE_INTERGENIC_SITE_20	18821	27396
CCAGCATAAAAACCACAACA	HIKESHI	40943	60343
CCAGCTCGTCTACACCTGCA	DNLZ	24820	40536
CCAGCTCTGGACCTTTGACT	RAI1	36359	46704
CCAGCTGAAATACGCGCGAT	NO_SITE_74	32581	41641
CCAGGACGCGACCGTACGAC	NO_SITE_75	24730	30751
CCAGGATGATTGGAAATGGG	SMAD4	41744	52968
CCAGGTACTTAGAGACACAT	TIMM10	26245	36343
CCAGGTCCTAACATAGAAAG	EIF5B	19329	30699
CCAGGTGCACGCTGAGAACG	DPYSL4	23937	31300
CCAGTAACTGAACCACATCG	ANKRD17	26365	33570
CCAGTAATGATCATCTCGAT	MAN2A1	15769	23125
CCAGTACGTGGGAGCCCTAG	USE1	32356	42268
CCAGTCCAATAACCCCTGAG	TNFRSF1A	34871	44058
CCAGTCTGCCATACCACGAG	FH	18358	27704
CCAGTTGCTGAAAGGTCGTG	CD207	32277	41081
CCATAGCTTTAAGATACACA	SLC35A1	37374	56395
CCATATACATAATATGTCCA	PIGN	24980	35560
CCATCATAGTCAAAAATTCG	CALM1	35065	49221
CCATCCAGTACAGATCCTCG	MAFB	25027	31355
CCATGACGAAATTAGCGCAG	DPM3	13095	19807
CCATGTTCACACGCTACCTG	MAN2B2	37202	47603
CCATTGTTTATGGTCAGCCT	SPTLC2	40392	48324
CCATTTCCATCACTCTGAGA	THG1L	27642	37511
CCCAAAATGACCAGCTAGGG	HYAL1	25481	31748
CCCAACTGGTCAAAGCACAG	ASXL2	25010	33878
CCCAATACTTAGGAACACCC	VRK1	22235	30174
CCCACACTATCTACTCTCAG	GALNT13	29412	42789
CCCACTAATGTGGCGCAGGG	MALSU1	24885	33177
CCCACTTCCGTAGCGCCAGG	NEU1	22648	30364
CCCAGAAAGAACCGCACCTG	NSDHL	30640	38912
CCCAGCGCATAATTAATCCC	B4GAT1	8532	11501
CCCAGTATCCACATGCGGTG	DDOST	5209	7010
CCCATAATTGGTGGCGAACG	FAF1	23825	34831
CCCATATCGACGACTCGTCG	NO_SITE_76	40044	51929
CCCATCCAGGCTAATCACAC	GBA	20425	24926
CCCATTGAAGGTCGACTGGG	HS3ST5	32662	45336
CCCCGATCTTACGTCGCGTA	NO_SITE_77	27844	34937
CCCCGGCTCCAATGCACCCG	SLC35A2	11743	15028
CCCCTAAGCGAGCGCTATCG	ONE_INTERGENIC_SITE_21	19749	23955
CCCGACCTCCCCTCAGCACG	ZFP91	24649	35851
CCCGACCTCCCCTCAGCACG	ZFP91-CNTF	24649	35851
CCCGATGCGTACGTCGCGCT	NO_SITE_78	19990	27229
CCCGGACGAGTCACGCACAG	TSC22D2	19660	27394
CCCGGCGTGGCGGTGTGAAG	H4C1	23034	31044
CCCGTTGGAGCGTACCCCAG	PIGV	19634	28477
CCCTAAAAAAGGCTCCAAGA	H2BC14	20701	25521
CCCTAAAGTTCAGGCATCTC	BTF3	6243	9079
CCCTAATAACCATCACAGTG	ERAP1	32631	42094
CCCTCAAACACCTCAAAGGG	TARBP2	29543	36956
CCCTCCTCTAGCCAATCAAG	PPP1R15B	13028	20295
CCCTCGCGGTCGATCGACCT	NO_SITE_79	31799	41285
CCCTCGTCTGGACCGCAGAG	PRND	34736	48417
CCCTCTGAAGCTCATCCAGG	EXTL1	36625	47392
CCCTGCGTCGACCGTAACGC	NO_SITE_80	19493	26985
CCCTTATGTACCGCGAGCAG	B3GAT1	21435	28651
CCGAACCGAAGTCGCGCGTA	NO_SITE_81	18410	24923
CCGACACGCGAGACTACAGG	GALNT8	23716	30420
CCGACCTCTTCTCCAGCATA	ST3GAL1	28196	37159
CCGATGGCATGAGAGCATCA	DPYSL4	46061	61016
CCGCCCGGCTAAGAGCCTTG	SELENOS	26459	35077
CCGCGCAGCTTGTAGTTGCG	B3GAT1	34683	46604
CCGCGCGCTTCGTCACGGAG	PIGM	16544	21683
CCGCGGCAAGACTGGCGGCA	H2AX	30649	39564
CCGCGGGTGAAATTGTAGCG	HS6ST2	24083	32055
CCGCGTAGGGAGAGAAGTAG	B3GAT2	27119	38964
CCGCGTCCTACGGTCGCGAA	NO_SITE_82	27594	36873
CCGCTGACGTCGACCGATAT	NO_SITE_83	35650	46610
CCGGGAGCCTTCATCAAGCA	PRND	38569	53259
CCGGGGACCAGGTTCCATGT	CHST4	10879	14679
CCGGGGTGCCCAATAGAAAG	B3GNT6	20701	26699
CCGTACCCATAATATATGCA	PIGA	25763	32785
CCGTAGAACAGAGCAAGAGG	SMARCA5	18737	27051
CCGTATGGGACCGATACTCG	DOLK	23542	31717
CCGTCGCGAACCGTTACGTA	NO_SITE_84	41861	52052
CCGTCTGCGCGTCATACAAG	NEU2	34099	44436
CCGTGTAAGGACGGTGATTG	CSGALNACT1	31419	39371
CCTACCAGTGAAGAGGTCCG	MAN2B1	25601	37346
CCTCACACACATGATGACGT	MAN2B1	17966	25893
CCTCACCCTTGCACTTCCGG	TOMM40	8278	13502
CCTCACTTACCATGGAAAGC	PPIH	15576	20684
CCTCATACCCGAAGTGATTG	GALNTL6	47707	69506
CCTCATGCTTGTTGACACCG	GUSB	41336	59353
CCTCCCAAAGGTGATAAGAA	HMGB2	32247	42672
CCTCCTCAAAGGCTTTACGA	VCP	1218	1213
CCTCCTCGTAGCATCGTACA	ONE_INTERGENIC_SITE_22	31441	40263
CCTCGTACCCAAGCTCGCTG	MMS19	29583	40292
CCTCGTCGACAAGACTGGGA	CMAS	26183	35320
CCTCTATTCTGACCGGACAG	HNRNPR	14668	20453
CCTGAACTACTCCCACACCA	ST3GAL1	24107	30699
CCTGAGAACCGGTCCTGCCC	RPS28	2135	3210
CCTGAGAACCGGTCCTGCCC	RPS28P7	2135	3210
CCTGATACTTACTTGCAGTG	POLR1A	1817	2788
CCTGCATCACATAGTAGGGT	CHST4	14273	18435
CCTGCATTTCAATATACCGA	DHX36	12503	16821
CCTGCCTGGGAACAACCGGA	ICAM1	45854	127773
CCTGCTCATCAACCGCAACG	SLC2A1	20705	30726
CCTGGACAACAATCACCACA	SMG9	35381	45096
CCTGGACCACAACATCGTGA	CLDN5	23734	31594
CCTGGAGTACCACGTCAACG	MAN2B2	36967	46910
CCTGGCATGGATGTATACGG	GALNT17	22845	32348
CCTGGCTTGAACGGACGATG	GPAA1	35533	48966
CCTGGGCGGCCGACCCACCG	HOXB8	13536	21404
CCTGGTGAGGTGGATTACGG	MDN1	5390	8910
CCTGTACTGTGACGTGTCAG	NACC1	21538	34061
CCTGTATTAACAGAACTAGG	METTL16	18698	26579
CCTGTGATAGGGTCACTCAG	DHX30	16457	23348
CCTTAACAGGACTCTAGTAT	NAA20	19093	19897
CCTTACAAGGTACTTGCCGT	RRP9	2080	4145
CCTTAGCGATTTGATCCCAG	GALNT5	26787	36230
CCTTATAGCGCGCGAACGGT	NO_SITE_85	19891	25835
CCTTATCGTGCGCGAACAAA	NO_SITE_86	34793	46719
CCTTCATAGATATGGCAGTG	GALNT7	32546	41260
CCTTCCATCGCAGACATGCA	HS6ST2	41735	56164
CCTTCCCATCAATACATCCA	DNM1L	10855	17179
CCTTCCGAACAAAGTTGACA	MANBA	29792	38319
CCTTCCGGTAGTTGGCGTCG	DUS1L	18143	23615
CCTTCGCTCACCTGCCCAAG	EEF1G	17415	25717
CCTTGCCAAATAACCGTGAA	USP16	27924	49504
CCTTGTGACCCGTGACAAGG	MAU2	8808	16175
CGAACCCACTTACTTCATGG	DPAGT1	9375	15445
CGAAGGAGAGGCCGAATTGG	CCNO	31508	43996
CGAATGTCATAACGACCACG	SSRP1	3227	5373
CGACACGGTAGCACGCAGTG	PIGQ	38566	48164
CGACAGCTTCGGACCCACGT	MAN2C1	16622	23134
CGACGAGAGCGCGTTCGTAT	NO_SITE_87	19387	26166
CGACGAGGCCTTCGACCATG	SMPD3	38485	49295
CGACGCCTACGAAAACCTCA	B3GALT6	33086	43851
CGACTCGGACAGAATCACCT	MED24	9475	11728
CGAGCCAAACTCTTGAATGT	B4GALT4	23915	32325
CGAGCTGTACCAGCGCGTAG	B3GAT3	17956	29403
CGAGGCCCTTGTCGTAGCTG	HS3ST3A1	31355	44224
CGAGGGCAACAGGTACTACG	PRND	36170	45487
CGAGGTCCACTTCTTCGACT	HS3ST1	29283	40424
CGAGTCCTTACCAAGCAGCG	B4GALT1	17182	22299
CGAGTTGATTAACCACGACG	UXS1	19751	26852
CGATATAAGTTGCAAATGAG	MBTPS2	17831	28053
CGATGACAACACCTACAGCC	B3GAT3	11355	15741
CGATGCCTATTACTGCACTG	PARP1	30169	37985
CGATGGCGAGGGCATCATCG	ZNF787	33367	46015
CGATTGAGGGAGGAAGTACG	ZNF555	37243	49563
CGCACGTTGAAGCGTCGTCG	NO_SITE_88	32658	40590
CGCAGCCACATACAGTTCGA	SRBD1	7318	9276
CGCAGGGCACTCACTTGGAG	RNPS1	15176	21808
CGCCAACGCGCTCGGCGTAG	H2AX	20684	29785
CGCCATCACGCTCAGCGAGA	SPCS3	14010	20513
CGCCATCATCGTGTTCAGGG	ALG12	21144	29131
CGCCATCTTCGCCAACATGC	OST4	34049	56689
CGCCGGACAGCCCCACGACG	HS3ST3A1	21833	27667
CGCCGGAGAAGCGTCACGCC	H2BC14	11466	15853
CGCGCACTCACAGGCGACGT	UXS1	18356	26235
CGCGTTCGGAGGCCAAAACG	FH	18534	24608
CGGACGACGACTCCTTCGCG	B3GALT6	23429	31740
CGGAGATCAGGCGCACGAAG	CHST12	25774	34775
CGGATTTCCACCCGGACACG	UBE2J2	40216	48955
CGGCACAGGTGATGCACCGG	ST6GALNAC1	14544	18414
CGGCAGAATGGACTCACCAG	PDIA3	29561	39088
CGGCCGTCCGAGAACGTTAT	NO_SITE_89	32450	44399
CGGCGCGCCAGTGTACCTGG	H2AX	5994	9933
CGGCGCGGATACTTACTGCG	FXN	15611	22693
CGGCGCGTGACTATTCGACG	NO_SITE_90	25146	32062
CGGCGCTATCGGTCCGTACC	NO_SITE_91	19976	25870
CGGCTATAATACTCCCTCAG	ALG1	4231	7152
CGGGCAGCGCTCATCAACGT	B4GALT7	21109	28173
CGGGCCAAGCTGCTTAACGT	B4GALT2	14387	20249
CGGGCTACTCAACCTGACCG	CHST1	20189	23440
CGGGGCTACGACTTCAACCG	DHPS	16782	27886
CGGGGTCGGCATACGATCGG	NO_SITE_92	33739	47559
CGGGTACCAGGTCCACATCG	B4GALT4	24814	34728
CGGTAGTGTCTGTCATTTCG	DAD1	12767	17022
CGGTATTCAAGTACTCCCGG	ALDH1L1	15503	21457
CGGTCCTTCCAGTAGAAGCG	GLB1	19989	28196
CGGTCGCCCAATGCGCGATC	NO_SITE_93	32482	42465
CGGTCGTTTCCTAGGCGACG	ATOH8	25477	33301
CGTAATACACGGTCTGCATG	SYS1	3741	4117
CGTAATACACGGTCTGCATG	SYS1-DBNDD2	3741	4117
CGTACATGTGAAGCAGCAGT	PET117	16494	21417
CGTAGAGCGACTTGCGCATG	MGAT3	17562	20961
CGTAGCCGTAGAAATTGCCG	HOXB8	15897	21499
CGTAGGGAAATAAAATCCCA	EXTL2	11788	16592
CGTAGTGCTGATACTTGGCG	RAI1	15112	17442
CGTATCAAGATGTCAGGATG	DHDDS	13335	17223
CGTCGGTCGACCGATTACGG	NO_SITE_94	24111	31961
CGTCTACGACCACCAAGGTG	NUS1	2746	3676
CGTGACGCATCGCGCCGTTT	NO_SITE_95	45259	61275
CGTGACGCGACCTAGCGAGG	NDST1	8769	11645
CGTGAGCAAAGCCATACAGT	DSE	18872	24322
CGTGCAGAAGGTAAACAACG	CNNM4	28980	39169
CGTGCCTCTAGCAAAAAGGG	CSGALNACT1	18860	24294
CGTGGAAGACGTCCCCCGCG	PTK6	11085	16038
CGTGGACCCAATCTAGCACG	WDR81	26926	36623
CGTGGACGAGGACTAAATGT	CSGALNACT2	16290	22289
CGTGGCCGACGACACCAGGT	SRSF10	7503	10294
CGTGGCTGTGAACCGTACGG	CHPF2	25192	32814
CGTGTCGTTATTCGCGAATC	NO_SITE_96	16073	23884
CGTGTGCCCCTCGCGTTACG	B4GAT1	22727	28303
CGTGTGCTATCGTCTGAGAG	TAF6L	26665	35272
CGTGTTGAACAAACTAGTGG	UGP2	29956	44133
CGTTCTCATGAAGCCACGGG	SMG9	23458	31356
CGTTCTCCCCAATCAAGACA	ADAR	11952	17295
CGTTGCTGGAGAGTCAAAGG	ZNF341	24431	32598
CGTTTAAGCATTGCTGCTGG	RPS12	9318	13142
CGTTTGCAGTGACATGTCTG	BSN	28525	37148
CGTTTGGGGCCACGCCATCG	HS3ST1	30489	39476
CTAAACTACAGGATACCAGA	FUT8	71394	92896
CTAACAGGACAGCTATCCCG	MRPS14	8996	13001
CTACAACGTACCCGCGTCGT	NO_SITE_97	22158	27172
CTACATAGTGACTTCGAACT	MRPS14	9041	12688
CTACCATGGATACATTCACA	ST6GAL1	44772	54655
CTACTACGATGCCTGCTCGG	IDUA	28190	37992
CTACTACTACAAGTGTCACA	COG7	24467	36938
CTACTTGTGTGATGTGACAT	DPP4	31522	40512
CTAGACCGGAGCATCCGAGG	NDST2	20319	26851
CTAGATCAACCACTACCCAC	UBE2Q2	10628	15046
CTAGCCAGAACTTACAAGAG	DYM	29639	35915
CTAGTATATGACATCACCAA	RAB10	46210	56389
CTATAAGCAGTGAATAATTG	B3GNT2	34679	49473
CTATACACTTCCAGTGTCGA	OGT	8721	11622
CTATAGGCGCACGTTCGTTG	NO_SITE_98	32384	42956
CTATATTGCTTATTATCGGA	DNAJC3	13088	17708
CTATCACCGGAGATACCACT	GALNT15	21582	29841
CTATCCGTACACACCCTCGT	GTF3A	10791	19220
CTATGGTGGCATACTGACAA	SLC17A3	31430	42288
CTATTCTATCTATGTGTACA	H2BC3	38049	49705
CTCAAACCTATATCAAAAGG	MAN1A1	32586	43197
CTCACAATCTCCCTCAAGGG	POLL	37460	51267
CTCACAGAGCAACAGTCGAG	NUP133	3063	4288
CTCACCAGGGACTTCAGCCA	GALNT6	28327	36793
CTCAGAGCAGCTGTGCACGT	MAN2C1	13469	18420
CTCAGCTAACGTATCGCGAG	NO_SITE_99	30562	36572
CTCATCTTGTACCAGTACGC	HS6ST1	5399	8108
CTCATCTTGTACCAGTACGC	HS6ST1P1	5399	8108
CTCCAGCGATCAGAGCGTTA	SEH1L	10970	18904
CTCCCACAAACACCCGTGAT	DPAGT1	6202	10223
CTCCCACGGTCGGCTAAGCG	ONE_INTERGENIC_SITE_23	23911	31130
CTCCCACTAGTATCACGTAA	EXTL3	27733	39993
CTCCCTGCTGACTTACACCG	SEC13	5472	7062
CTCCGACCACGGCAACCCAG	UBE2J2	34929	42839
CTCCGCGCGATGTAATCCGT	NO_SITE_100	30333	41556
CTCCGGGGCCGGAAGCACCG	HS3ST3A1	35413	50574
CTCCTAGACCAACTCCACAC	IFNW1	18186	21930
CTCCTCTATCAGCTCAGCGG	UST	19052	24729
CTCCTTCGGCCATTATAGAG	MGAT2	25601	48606
CTCGGGGCAGGAAATACTTG	DPM2	35357	45265
CTCGTGGGCCAGCAAAACTG	DUS1L	28148	35038
CTCTCCCAGTCATCCCAATG	PTK6	36211	46141
CTCTCCGGTTCCAACCACTC	HS3ST2	34930	46552
CTCTGCGGATAGAAGCCCAA	MMS19	22668	34046
CTCTGGGTTACTGTTACTTG	SKA1	15354	22563
CTGAAGAAGGACAATATACA	DDX6	16281	19731
CTGACACGACCGAACGATCG	NO_SITE_101	36805	48141
CTGACATGTTGGCTGAATCG	MADD	26968	35553
CTGACCAACGTGCTCGTGGG	PIGG	35299	45485
CTGACCTGATGACATCGACG	GALNT12	30391	36943
CTGACGATCGCGGACGTAAA	NO_SITE_102	47332	63310
CTGACTGGATCGCGCGTATT	NO_SITE_103	26129	35940
CTGAGACACGAAGGACACGG	TELO2	28738	44488
CTGAGAGTGGTCATGATCCG	STIP1	17743	25808
CTGAGGAAACTGCCTCCATG	WDR12	3320	6536
CTGAGGCGTAACCCAGCGCA	RABGEF1	16673	24931
CTGATAATAGAAAGATGTCT	SSR3	7548	12071
CTGATACACGTACTTGTCTA	RPS12	6220	11779
CTGATCAAACATGTCCACAG	PTCD3	13592	19869
CTGATCAGATAAAACAGGTA	TIMM9	21846	27893
CTGATTACATGGAGTATGCT	ALG13	25056	33712
CTGCACCCCAAAAGGTGACG	CSGALNACT1	29264	38329
CTGCACGCTATGGGCAACTT	ONE_INTERGENIC_SITE_24	28134	37264
CTGCAGAGATCCATCCCAAG	ATXN10	17191	30531
CTGCAGCGCAACTCTCGCGG	CMAS	27112	35925
CTGCAGGAAGCGGACTACGT	B3GNT6	15772	19650
CTGCATAAAGACCAACTCCT	PIH1D1	38381	46315
CTGCGAGTCGTTACTCGACG	NO_SITE_104	39502	50761
CTGCGCCCATACCTCCGGTG	MGAT4B	20691	32647
CTGCGCCTATAAATGATGTG	ADAMTS9	42078	55756
CTGCGCGACGCGAACCGGTT	NO_SITE_105	28069	37960
CTGCGGCAGCGCTTTAGGTG	VPS51	21173	26441
CTGCGTTACAAACTCCTAGG	RPS3	2261	3098
CTGCTAGCGCGCGCGAAAAT	NO_SITE_106	27651	34472
CTGCTCCCCAGTCTCGACTT	NEU2	32070	40747
CTGCTGCTCATGATCGAGCG	CHST14	26878	34790
CTGCTGCTTCACATGTACGC	PET117	12721	16181
CTGCTGTGTACAATGACCGA	ZBTB38	26499	36525
CTGCTGTGTAGAGTATAGAG	DPP4	40823	54826
CTGCTTAGGACCAACTCACG	PARS2	23897	32449
CTGGAACTTTGGGCCACCCA	FXN	29281	37777
CTGGACAAGATCATCAACGG	NDST1	34238	43643
CTGGACAGCAACCACACGGT	IDUA	24538	34195
CTGGAGATTACTCTGGAAGG	FERMT2	35579	44389
CTGGAGCGGGGATACACGGT	SNX24	26703	38090
CTGGATAAAACGCCAGCTTG	VPS53	20838	24919
CTGGCAACGTGCGGGCGTAG	SLC35A2	35685	50064
CTGGCCGTCATCACGCAGGG	GALNT9	40365	53386
CTGGGAATCTTCATTCCGTG	ATXN10	10403	20172
CTGGGCAGGACCGGTTCTCA	RPS28	3079	5038
CTGGGCAGGACCGGTTCTCA	RPS28P7	3079	5038
CTGGGCATCATAGCCAACCG	HYAL3	26865	34212
CTGGGTTCAACTAAAGCGCC	RPL21	2806	3503
CTGGTGATGTTAATGCATCC	CD160	13933	18302
CTGTAAAACCCAGATGCGAT	PTAR1	13958	19630
CTGTACAGCACGTGGTTGTG	STIP1	22227	30919
CTGTAGTAGGGGACAATCCG	CHPF2	34270	44155
CTGTCCCTACACCAAAGTGG	ALG12	22134	28190
CTGTCCTACCTGTATCAATG	MAN2C1	48942	67760
CTGTCCTTACCCATGCTGAA	AWAT2	44525	56613
CTGTGCCATTAAAAACAACA	ZCCHC8	51417	65706
CTGTGCTAGTGCAGCCCTGT	PIGY	21000	27219
CTGTGGAATAAGCCATTGGT	OSGEP	4043	9290
CTGTGGGCATCGGACCAATG	ZPR1	7875	16032
CTGTGGGTATTGATGAACAT	MAN1B1	24851	34869
CTGTTCATAGAACCGCTCCA	PELO	10984	17305
CTGTTCTTAAAATGCTACTG	CHSY3	39037	51932
CTGTTTGCAAGCGATGAGCA	CCNO	36440	48204
CTTACAGGTGAATATGAGAA	TOMM20	8598	12720
CTTACCTGCTAGTTGGTGCA	DYM	41315	58074
CTTACTCAAATGGGTCGCTG	GALNT10	40361	51238
CTTACTCTTTCGATCCCCCT	SRSF10	14914	18869
CTTAGAAATGATCGACGAGA	GALNT2	20067	24945
CTTATCTACCAAATTCTCCG	MAPK14	24578	35512
CTTATCTGTAGGACAAGTGT	SELENOK	37124	47753
CTTCAACCTGCTGTACAGAT	MGAT4A	31867	41480
CTTCACTACAGAGAGCATGT	ALG11	2797	4629
CTTCATCTCTTGGATCAAAG	CBLB	57751	75423
CTTCATGGAAATCCCACCAC	EXTL3	31488	43198
CTTCCAAAAAATTGGCAAAG	TARBP2	43399	50560
CTTCCGGCAGAATCGAAGCG	HYAL2	25925	35820
CTTCCGTTTACGTCGTCGTT	NO_SITE_107	20790	26820
CTTCGATGCGATCGCGTCAT	NO_SITE_108	23076	29187
CTTCGCGCGACTACGATTCA	NO_SITE_109	38932	52263
CTTCGTGCCCCCAATCGGGG	MAN1A1	18284	25143
CTTCTGGGTCATTCACAGGG	ALG3	40316	57210
CTTGAGCAGATCAAACCACT	VPS54	21964	30226
CTTGATCAGTAAAAACTATG	SPAM1	36736	48629
CTTGGAACCTACCCTCAAAG	PDIK1L	37034	48071
CTTGGATCGTACGTACGACG	NO_SITE_110	31347	41900
CTTGGCAAGAATCTTGCCCC	RPL21	2474	3154
CTTGGGCCGAAAATGCCATG	NSDHL	40557	51402
CTTGGGCCTCGAGTGAAACG	GALNT11	32501	41691
CTTGGTCCAGTCGATGACCT	EXTL1	19106	25539
CTTGTGGCAGTGCATCGTAG	GALNT8	34545	44776
CTTGTGGCGGATGTACTCGA	MGAT3	26024	35141
CTTGTGGTTGAGAACCACGA	AGPAT4	39579	51167
CTTTAACAACCCTAAAGTTC	BTF3	4429	6373
CTTTAACTGGATTTGCATCG	DERL1	24673	34113
CTTTAGCTTGATATGCAACG	NIPBL	7311	10546
CTTTCGCAATGCCTTCACCT	SGSH	28706	38879
CTTTGGCAACACGACCATTG	DPAGT1	13597	19198
GAAAAGGTCTGATCACTGCT	GALNT3	36632	48913
GAAAATCCCAAAGTGTCCAG	B4GALT4	20460	27096
GAAAATTAATCTGGCCACAA	RFT1	4154	6981
GAAACAAGCTCTGCATATGG	HPSE	26546	35295
GAAACCATCGATATTGCAGT	OSGEP	10227	16331
GAAATACCAATATTGGGCTG	PIGC	13785	18367
GAAATACCTGCTGCTCGGTA	MOGAT1	33545	45542
GAAATGATCGCGCGACGATC	NO_SITE_111	29930	38940
GAAATTCTAGCAGGTTGGTG	B3GNT7	31449	39084
GAACAACACGGAGATCCAGT	ZPR1	4540	8325
GAACACAATGATCACGCTGG	GALNT6	23176	25645
GAACACCTTCATTCCGAGAG	CHST2	21403	28820
GAACAGCTATATGTCTACGA	GOPC	14304	21913
GAACATGGATACCCCGCCAG	GOPC	25737	32704
GAACCAGCGTATATTGCACG	CDC45	2370	2573
GAACCCTTACCTTCTACCGA	DDOST	2842	3939
GAACGCTTCAGCCCAATTCG	SMG1	8580	11605
GAACGTTTCGTCGCGAACCG	NO_SITE_112	22774	29257
GAACTACAAGAATCCTGACC	VRK1	15729	20850
GAACTGGGCATATCTAGATC	KLF5	23467	26222
GAAGAACAAGCGCCAAGACG	ZC3H13	11214	15591
GAAGAACTCGCCCACGAACG	CHST3	27272	37901
GAAGAACTGGTCTACGACTG	KLF5	24995	31243
GAAGAATAGCGATCGAACGG	NO_SITE_113	31983	39438
GAAGACAGACGGAAAAAGGT	DCAF4	18727	24165
GAAGACCATAACCGCGAGAA	ONE_INTERGENIC_SITE_25	19805	25677
GAAGACGCCATAGAAAACCA	PIGM	22429	31006
GAAGACTTTACGCGCGCTAA	NO_SITE_114	44003	58210
GAAGAGGCTTCCATTAACGT	EXOC2	14063	18139
GAAGAGTGGGCAGACCCGGT	PIGC	8460	10793
GAAGATCACAGGGATAGGGT	EXTL2	8210	12275
GAAGATCATGAAAAATACGG	MRPL30	17746	22393
GAAGATGAGCACCTATCTGG	ERAP1	22036	28533
GAAGCACTACCCATATTCGC	ALG14	8277	12158
GAAGCAGCGTTTCCGCGCGT	ATOH8	20715	26849
GAAGCATACGCGAACGCGTA	NO_SITE_115	42217	54224
GAAGCCACAAAATCCAAGGA	ALG10	15052	24119
GAAGCCACAAAATCCAAGGA	ALG10B	15052	24119
GAAGCCGAAGTTATGAAAGG	SRSF10	20792	26285
GAAGCCTGTTCTTGAAGTTG	TOMM20	12624	19997
GAAGCCTGTTCTTGAAGTTG	TOMM20P4	12624	19997
GAAGCGTCAGAAGATACAGA	ZC3H13	12744	17396
GAAGCTACACTTACTCCAGT	ST3GAL3	14242	20854
GAAGCTATTGATGCCACGCA	GPAA1	25355	35282
GAAGGAATTAAGACATGGTG	SUPT16H	2893	3815
GAAGGCATGAAGTTTGATCG	HSPD1	4334	9395
GAAGGCATGGAAGTCTACGG	GALNT18	20217	26420
GAAGGTGTATCCTTGCAACT	GLCE	20077	25093
GAAGTACTCTCATGGAGACA	MED24	24912	32777
GAAGTCAAGAGGTACCCCAA	FXN	18794	26378
GAAGTCACCTTTACTCCCCT	MARCO	25095	34943
GAATAACTCTGTGTCACCCT	TLE3	15955	20044
GAATACCTCTAGCCATTCAG	TFRC	7864	15177
GAATACTATAGACCAAGGGA	YTHDF2	16265	18533
GAATACTTAAGCAATATGGT	BLMH	21483	26774
GAATAGTAACATCTCCAGTA	ARL1	22711	31430
GAATCAAATGATAAACTGCG	SEH1L	11845	20101
GAATCCCAGTAGTGGACAGT	MAN1A1	25404	32499
GAATCCGAAACAACGCGCGT	NO_SITE_116	32508	45113
GAATCGTAATAGCTCGGGAT	ONE_INTERGENIC_SITE_26	13319	16948
GAATCTCCTTGTTTAACACG	NIPBL	27379	38946
GAATGATGTAAAATAACCTG	UST	23286	31591
GAATGTCAGTACCTTGATTG	SUPT16H	3943	6751
GAATGTCCTAGGGATCTGGT	GAB2	9416	15595
GAATTAAAGGATGTCAAACA	SECISBP2L	29238	41076
GAATTCTACAACATTCCTCA	EDEM2	33408	44308
GAATTCTACAACATTCCTCA	MMP24-AS1-EDEM2	33408	44308
GAATTGTTCCACCAAAAACG	GPLD1	28344	37519
GACAACAGCCGACTTCACCG	GAB2	27026	34934
GACAAGAAGTAAGATGCTAA	GPLD1	25000	35170
GACAGAGCAGAGTACGTCCG	STAP1	16131	20943
GACAGCTGTCAATGAGACTC	CENPE	4822	6648
GACAGTTTAACGACCGTACG	NO_SITE_117	29774	39969
GACATATTCGCGTTCGATCG	NO_SITE_118	24829	36783
GACATCCAGTAGGTTCACAG	ASIP	36545	46989
GACATCGCGATATCGTACGC	NO_SITE_119	21955	28127
GACATCTCGACGATCTTACA	EIF5A	4087	7591
GACATGGGTCCACCGCTATG	SLC2A1	32205	42982
GACATGTTGAAGATGCGTCG	HS3ST2	36544	50319
GACCCCCTCTGTTCCACACG	CINP	9380	21359
GACCCGAAAGAGGCGCGCAG	CERS1	33612	46343
GACCCGATGAACATAGACAC	MAN1A2	10948	17959
GACCGCAACCTATACCGCTG	B4GALT2	22496	28992
GACCGGCAATCTCTATGAAG	TAMM41	24751	34364
GACCTAGGCTGGAACGACGT	ARSB	16251	23396
GACCTGTTGGTACCACATCT	POLL	27415	32649
GACGCCCAACCATAATCAGC	SMPD3	17531	25361
GACGCGTACCTTAATAGGCA	RPS2	28197	38824
GACGGCATGTGCAACCAGGG	OSTC	17689	25798
GACTCGCGAGTACGAACGTC	NO_SITE_120	33549	42690
GACTCTCTTATGTCGCTGCG	GALNT15	28157	36214
GACTGCATTGCATACACCAA	OSGEP	6564	13219
GACTGTTGTCCGACGCGACA	NO_SITE_121	36666	49724
GAGAACTCCTCGTACCAACA	CHST15	44548	53430
GAGAAGTTCTACATCCCTGG	CALCOCO2	28679	36159
GAGAATTCTGTATACGACTG	BLMH	20332	26182
GAGACAGGCTGGACTCAGGT	ATP5F1E	10387	13491
GAGACCCCTCACCTCCAGAG	EXTL1	26663	38238
GAGACCTGAATACCAGAGCC	NEU1	34473	40418
GAGACTCAACTATATTCACT	METTL16	10439	16817
GAGAGAGTCGTAATAATGCA	HSPA4	31989	41436
GAGAGTCTGCACTAACCCCG	GTF3C5	20036	32580
GAGATTCTCCAACTAAATGG	U2SURP	4610	5932
GAGATTTCACGTAACGACGA	TMEM30A	21511	30340
GAGCACATCCTTTGGCACGT	PIGQ	23725	27998
GAGCACGTCGCGGTACACCA	CHST3	32973	43188
GAGCAGGTGTATGATCTCGA	RPS5	956	1784
GAGCGAACATGGCAGCGCGT	MAGT1	22263	34164
GAGCGACACGCCCAGCATGT	OST4	17104	30818
GAGCTTTGATATTACCAACG	MANBA	19367	27110
GAGGAAGCTGAGTCAAAGCG	PIGS	15824	21722
GAGGAATAGCATGGAGTCAG	GCNT3	28832	37694
GAGGAGAAATGATCGAAGGT	CTIF	20787	29001
GAGGAGGATCAAAAATTGAT	ICOS	28207	37644
GAGGAGGCACACACTTCCGG	TIMM10	17031	21597
GAGGCAGTGCGGGTATACAC	NAGLU	19181	26614
GAGGCCACCAGCAAACGTCG	GALNT6	25116	27413
GAGGCCGTACCTGTAATGGC	GALNT16	19215	25226
GAGGCCTGGAAATCCGTGTG	NDST2	26320	35586
GAGGCGTTCGCCACGCACGG	B3GNT6	12251	15777
GAGGTAGTGTCAACTGCTAT	VPS54	28264	37379
GAGGTGACAGCCTTCTACCG	IRF3	30442	37947
GAGTACATCCTGTACGACGT	SMPD3	15501	19707
GAGTAGAAACGCCCCGTCCA	STT3A	34643	60323
GAGTATGCCATGATGTATGT	PIGU	25953	37763
GAGTCCAGCCTGTCTCCAGT	ATP5F1E	8159	11693
GAGTCCAGCCTGTCTCCAGT	ATP5F1EP2	8159	11693
GAGTCCATTCCTCTTCGAGG	CHSY1	18388	24575
GAGTCGCGAGATCGCCGTTA	NO_SITE_122	54273	73359
GAGTCGCGCAATGTTCATCC	PKLR	15187	18977
GAGTCGTCCACACCCCGTAG	CHSY1	13564	21619
GAGTGCAGGCCGCACAACCT	SEC61B	3611	4556
GAGTGGCTCACCATCCAGGG	KRTCAP2	10989	12332
GAGTGGGGCCAAAGGCTGCG	RPS3	1332	2604
GAGTTATCAGAGACATTGAG	PET117	46521	59826
GATAAAGCAAAAATCAACCA	FERMT2	29186	40013
GATACGACTCGCCGCCCGTT	NO_SITE_123	20765	26324
GATAGGGCACAGGTACATTG	HNRNPF	37638	54139
GATATAAGGCTCCATGAGGT	TADA2A	16051	20230
GATATCTTCGAGATTTCTTG	SPTLC2	33517	42805
GATATGGTGCCCATAAACCG	CD207	15213	18499
GATATTCTTGTGAACTTGAG	MRPL30	15670	21059
GATCAATCAGCTGATCGCCG	MGAT2	18080	27051
GATCACACCCCGGACGAGCA	ENGASE	28066	37991
GATCACATGCTTGATTTGCA	VAC14	24573	31722
GATCAGGACTTACCCTACAG	RPN2	11617	16746
GATCCAATTACACGTCAAGT	UBR2	24828	31377
GATCCACCCGTGTTCCCACG	GALNT4	24863	31400
GATCCACCCGTGTTCCCACG	POC1B-GALNT4	24863	31400
GATCCACGATTCTTACACCT	CDH9	16845	22593
GATCCGCGCCAACAAGAGAG	GALNT12	27094	34547
GATCCGTCCATCATTCATGA	HPSE2	33753	42333
GATCTAACGTACGACGAGTA	NO_SITE_124	26587	35162
GATCTCATCATCGTGCAGTG	MAU2	8167	13238
GATCTCTGGTCTGATCTACG	H4C1	23568	33261
GATGAAAAGGCCTCTCACGC	HOMER2	8464	11606
GATGAACCTGTACGCCACCT	PACS1	22380	29883
GATGAAGATGGGTATGCCCG	GALNT7	20682	26941
GATGACCAATAATGTACCGG	RINT1	5908	9676
GATGACGTCCTGATATGTAG	PIGT	27646	37250
GATGATTAATCGCGCGCCAA	NO_SITE_125	11668	16513
GATGCCTAGGCTATTAACGC	ONE_INTERGENIC_SITE_27	12684	17428
GATGCGATTTCGGGACTCGG	NACC1	25576	36422
GATGCTATACGCGCGATAAC	NO_SITE_126	20670	27327
GATGCTGGAATGGATATTTG	GALNT1	33206	40557
GATGGAGCAAGGTATACAAG	DYM	34727	43472
GATGGGGACTCACCCCCGAG	MPI	15863	22974
GATGGGTTCCAACAGCGAAG	MPI	30883	50691
GATGGTCTGGGAGAAATGTG	DPYSL4	22985	30251
GATGTAGATGATCCGCTGAA	SPATA18	24199	33064
GATGTATACGTAGCGCGCGG	NO_SITE_127	22871	31800
GATGTCAGTGCAGTTGCCAA	PIGN	38002	47359
GATGTGAACCAGTCTCCTCG	MADD	6035	7067
GATGTGTACTCGTTCTCTCA	RAI1	25674	33736
GATTCTTACTATACCATCTG	SEH1L	12026	19521
GATTGATCGGCAAACACAAG	VPS8	17639	29127
GATTGCAAAGTAATACCCAT	CACNA2D1	22353	27943
GATTGGTGTAAGGAGCATCA	REXO2	28738	38741
GATTGTATTAACTACACTAG	EXT1	22879	30990
GATTTCCAGACACCGATAGA	HYAL4	41127	54868
GCAAAAGGGAAACCCAAACG	MAGT1	11899	17564
GCAAATGTTACAGGTCCTGG	YBX1	11879	20132
GCAAATGTTACAGGTCCTGG	YBX1P1	11879	20132
GCAACTCGTAATTCGCGCGA	NO_SITE_128	31963	41261
GCAAGATGCCACTTTAGATG	HS2ST1	22412	31071
GCAAGTCAAGTCCCTGTCGT	MTG2	14561	18522
GCAAGTGATCCACGTCACGC	WWTR1	21260	27497
GCAATGGTACCAGAGTAGTT	TUSC3	25335	34824
GCAATTTGCAACGACAGCGG	VPS8	16218	26765
GCACAACCACAACTGGCACG	RPN2	18946	29439
GCACAAGTTTATAAATCCAG	ATIC	6781	12653
GCACACTTACAACCTCGTGC	PELO	11722	21315
GCACCCGTCTAAGTTCATGA	GCNT4	30906	41220
GCACCGAACGACGCGATTCT	NO_SITE_129	27114	33464
GCACCGGCTACGTCGATCGA	NO_SITE_130	41468	52417
GCACCTGTCGATCTACCTCT	ASXL2	41732	59071
GCACCTTCTGAAGCAATCCG	PPP1R15B	13445	16390
GCACTACAGTGGATCACCGC	PTPN2	17849	23172
GCACTGTACCATAATCAAGT	ZFP91	23766	35174
GCACTGTACCATAATCAAGT	ZFP91-CNTF	23766	35174
GCAGAAAACGACCCCGTACG	ONE_INTERGENIC_SITE_28	25158	33623
GCAGAAGCGAGTAGACATCG	MADD	18890	25374
GCAGACATCCTTGTTCGGAG	PARP16	23358	35428
GCAGACGAACTCCAAGATTG	TAF6L	26058	41356
GCAGACTAATGTGTTAAGCA	RINT1	29091	34468
GCAGAGAGGAGGCGTTCCAA	CHST14	16089	22051
GCAGATGTACAGCCGTCAGC	KRTCAP2	7896	11728
GCAGCAATGTGCATTGCTGT	FH	22532	28748
GCAGCAGTCTGATTCCCCAA	ALG11	7633	8414
GCAGCCCTACCCACCCCTAG	ZNF341	13444	17017
GCAGCCTTGTAGCTGCAAAG	HS6ST3	22777	29527
GCAGCGTGTGGTCCGCCATG	METTL1	32561	42154
GCAGCTGCACACATAATGCA	ADAT2	29110	38053
GCAGCTGTCCAAGGCGAATG	GNS	31434	39835
GCAGCTTCACAAGCCAACCC	ZBTB38	19575	25178
GCAGGATATGATCAATGAAG	CALM1	23849	34758
GCAGGCTGTCAGGAAATGAG	GALNT18	16028	20645
GCAGGGTAGATGCAAACAGA	TADA2A	22667	30007
GCAGTGATGATCCATTGCAT	PACS1	15502	21490
GCAGTGCAAAGTGTACGACT	CLDN5	20420	27959
GCAGTGGGACACAGAGCACG	PIGL	19951	26223
GCAGTGTATTGCCATGGGAA	MAN2C1	20263	27186
GCAGTTCTGTCCACAGCTCA	PLA2G2F	29182	41068
GCATAGCGGTCGTGCGTCAC	NO_SITE_131	21350	28907
GCATAGTCGTTGTCACGACA	METTL16	14864	21636
GCATCGCGTCGTCGATATTC	NO_SITE_132	26916	34751
GCATCTCATCCAAGGCCATG	H2BC3	21001	27321
GCATCTCGTAGAACATTGCT	VPS53	24835	29033
GCATGGTGAAAACTATAGTG	GNS	27921	37038
GCATTACAGCTCGCAATGTG	INPP5F	30909	39783
GCCAAAAGCTTTAATAACTG	FH	19430	26872
GCCAATATCAAACGAGAACA	OGT	16337	23153
GCCACAGAAACACAGATCAG	SPATA18	27071	35497
GCCACCAGCCTACCTTGCAA	RPS2	3693	6093
GCCACCTATTCCTACAGACA	CHRAC1	36172	46250
GCCACTGGTCCAAGCTGACG	ZNF787	32674	47527
GCCAGAGATGCCTGAACTTT	BTF3	3383	5677
GCCAGCTAGGGTACCCACCA	ZCCHC8	32394	36812
GCCAGGGTTACATTCGTCGG	TSC22D2	19110	25225
GCCATAGCAGCAAGTTTGCC	MRPL13	15306	23208
GCCATCGCGTCGGTTCTATC	NO_SITE_133	27684	39228
GCCATCTTCGCCAACATGCT	OST4	30564	52660
GCCATTAAGGTGATTTCTCG	PTK6	32108	39343
GCCATTGATCTGATGTACGG	USP22	31517	41500
GCCCACGTGGAGTTCAATGT	GALNT18	14248	16877
GCCCAGAATGGATCTCCGTG	MGAT4B	36694	50271
GCCCCACGGCATGCCGAATG	ONE_INTERGENIC_SITE_29	24478	31307
GCCCCAGTGTGCAAACAGAG	GALNT18	34427	47225
GCCCCCGATCGGGTCGAATT	NO_SITE_134	29267	39361
GCCCCGCAACGACTCACCCG	SELENOS	21096	29201
GCCCGACCTGAGCAGCATTG	MGAT1	28091	45567
GCCCGAGCGTGAAACGCGTA	NO_SITE_135	31717	43036
GCCCGCAATGCGACGTTACG	NO_SITE_136	25034	33672
GCCCGCACTCACCACGGTTA	ONE_INTERGENIC_SITE_30	42326	53668
GCCCGCGTTGCGCTGCTCAG	B3GAT2	27230	39473
GCCCGCTGAGGTCACGACCA	ICAM1	37254	84570
GCCCGGTGGCGTTTATTCGG	SPAM1	27900	37967
GCCCGTGTTGAACTCGACGT	GALNT9	18961	26017
GCCGCCGGTTTACCTGTGTG	AWAT2	20653	26948
GCCGCGCAAGCCACGTGCTG	B3GALT6	22475	30154
GCCGCTCAGTACACCACCGT	SGSH	18065	23484
GCCGGCGGACACCAGCAAGT	DPM3	16014	22460
GCCGGCTGCAATGAACGCGT	GTF3A	9488	16335
GCCGGGACAAAACCCGAAAG	RNPS1	6855	8040
GCCGTATGGTCCAATTCCTG	IDS	34411	46589
GCCGTCGTCGCGTCGATTGT	NO_SITE_137	40300	50868
GCCTAACAACCGGCACATCA	EXT2	35811	49824
GCCTAGCATGACCCGCCGGT	CHST1	7246	9556
GCCTCATAGACCACCCATCG	SEC13	8931	11336
GCCTCTTACCTGAACCCACG	TOMM40	7883	14155
GCCTTGAATTGTACGATAGG	U2SURP	7273	11533
GCGAAAGCACGTAAACCGCG	ALG12	15329	21018
GCGAACCTGAGCAGCTACGC	JUND	17421	24019
GCGAAGCCAGAATGCCGCGG	CHST1	12626	15033
GCGACAACGCTACGCGTATC	NO_SITE_138	16842	22901
GCGAGAATATGTGATGTCAA	DGAT2L6	26802	36310
GCGAGCGATTGAGCACACTG	GALNT10	28260	34878
GCGAGCTTCCTCCTCACCGG	HS3ST3B1	16406	21082
GCGCACAACATGGGCCCGAA	POLL	18579	21306
GCGCCACAAGCCGTAAGCGG	CHST11	16745	22265
GCGCCACAGAGACATATAAG	ALG9	28637	41674
GCGCGCCATCTCCGCGCAAG	CHST13	27300	37122
GCGCGCCGTAGATCGACGAC	NO_SITE_139	15677	21165
GCGCGGTCGATAGCGACCGA	NO_SITE_140	21779	29930
GCGCTGCGAAATCTGAAGTG	TRADD	29007	37388
GCGGACACTAGCCTCTCGAA	CHST11	24785	31492
GCGGACCAGGCCTTTGCACG	TRAF2	28850	38473
GCGGAGCTCGCGGTGCCACA	RPRD1B	28991	35506
GCGGAGGGGACGGTCAACGA	MALSU1	23300	31418
GCGGCAACGCGCGTATCGCA	NO_SITE_141	32910	40624
GCGGCAGTTGATGAGCACTT	SNRPD2	877	1858
GCGGCCTCCGCCCCAAAAGG	DMRTB1	28437	40087
GCGGCTCGAGTCGTCGATAA	NO_SITE_142	28151	38024
GCGGCTCTTCAATGACCCAG	ALG3	27749	40674
GCGGGTCTGACAAAAGATGA	CDH9	27490	35259
GCGTCAAGACCGTGAAGACG	STX18	20664	26542
GCGTCACGATCGTCCGACGA	NO_SITE_143	27223	37074
GCGTGTGAGATGCAGTAGCG	NDST2	29358	37243
GCGTTGAAGTCAAAGCGGAA	MAN1C1	36754	52419
GCTAATCTTCAGTACACGGA	PIGQ	26394	34111
GCTATAAGCGTTATGCAATG	MAN1C1	25243	35718
GCTATACATTCATAGCACCA	CACNA2D1	26123	36203
GCTATACCATGTCAGACTCG	ATXN2L	32673	43548
GCTATAGCTGGTCATCACTA	IFNW1	23501	28049
GCTCAAACATGTTGACCCCG	MBTPS1	3898	6108
GCTCAAGTTCGACGTGAAGA	MAFB	37987	48304
GCTCACCGAAGTCGGGCCGT	HOXD4	16167	21135
GCTCAGTTACTCACAGTACA	ICAM1	33112	89134
GCTCATAAATATAATCCCAG	POLR1A	4063	7694
GCTCATTGGACCACGTCGGT	ONE_INTERGENIC_SITE_31	15809	19788
GCTCCCGCTTAAATATGATG	DOLPP1	22985	35632
GCTCCGCTTTCTGCACCGGG	B3GAT2	26893	36787
GCTCGACTTATACCGCGCTA	NO_SITE_144	34854	45198
GCTCGCGGATCGTATCGTTA	NO_SITE_145	33566	44665
GCTCGTGATAAACGGCCTTG	XYLT2	20060	31644
GCTCGTGCGAGTGATAGACC	PARS2	13537	19137
GCTCTACGCGACGCCGTTAA	NO_SITE_146	37754	51029
GCTCTTTCTGGCAATGGCGA	PIGP	32424	42293
GCTGAAATGAAGGAACGAGG	SMG9	30247	40380
GCTGAAGGGAACAACTCCGA	EMC1	23934	35093
GCTGACCGTGAACGATACAG	TIGIT	20613	28814
GCTGAGAAAAGTGCACTCCA	SPATA18	31788	43765
GCTGAGCCTGCACACCAAAG	BPIFB3	33643	42573
GCTGATGAAGCTGTCACTCG	HSPA4	23474	32793
GCTGCAGCTTCTTCCAATAG	PMM2	32138	51066
GCTGCATCTAGACCTAGCCG	ZFP91	16595	23533
GCTGCATCTAGACCTAGCCG	ZFP91-CNTF	16595	23533
GCTGCCTCTATCCCGCATCC	CHRAC1	19045	24439
GCTGCTCTCGGTCGGCCGTG	MTG2	23143	29736
GCTGGAGTCATATATCCTCG	BSN	28358	40391
GCTGGATCAGAGCAACCAGT	B4GAT1	22991	31216
GCTGGATGTTACGCACCAAG	HS6ST2	33263	45501
GCTGGCCTATCACCAAGGCG	DNLZ	12157	18742
GCTGGGATGTGCTATGTCGG	COG1	21849	27190
GCTGGGCACCAACGGCACGT	CHST6	26550	33917
GCTGGGTCGATGCGCGATTA	NO_SITE_147	47852	61852
GCTGGTACTTTAACAACATG	G3BP1	31534	44419
GCTGGTCGCGTACCGTAATA	NO_SITE_148	35991	48405
GCTGTATATACTGCTGACCG	DAD1	1905	2887
GCTTCGCAGCCTGCTAACCA	ATXN7L3	22337	30508
GCTTGTCCAAGTAACCGACT	EMC4	21465	34595
GCTTGTTGTAGTGTGCCAGG	H2BU1	6594	8283
GCTTTGAGAAGGTCGTACAC	TARBP2	14941	19554
GCTTTGGCTACCTGTTGTCA	CHPF2	35884	48609
GCTTTGTCCGCTTGAAATGT	METTL1	21331	28781
GGAAAAGATACCGAAGTATG	FUCA2	34306	45260
GGAAACAGATCAGAATGCAA	HSPA4	23293	32106
GGAAATCATCGCCAACATGG	DNAH5	26561	35844
GGAACAACGCGCCGTTGTAC	NO_SITE_149	30192	40138
GGAACAATCCCATTTCCTGA	HIKESHI	17958	30560
GGAACAATCCCATTTCCTGA	HIKESHIP2	17958	30560
GGAACACCAGAACATCCCCT	GALNTL5	31909	44328
GGAACACCTTCGAATACCTG	GALNT12	25635	32776
GGAACAGGAGCGATTCAGCA	MAN2A2	38914	52547
GGAACCCAAGCGGTCCCGAA	HOXD4	24736	31603
GGAACCCTCCAAGTACGGTG	GMPPB	2554	2971
GGAACCTGCGTACAACCACG	MGAT5B	35319	46658
GGAACGGCGGTATCCCAAGG	TADA2A	17187	25014
GGAAGAACACCGCAAGATCG	MRPS18A	8951	12497
GGAAGACGGAACACTTCCGA	B4GALT7	31345	33210
GGAAGTTTACCGCTCGTCCG	NO_SITE_150	27947	36622
GGAATAAGAACAGTCAACGT	PIGY	13297	20344
GGAATACCGATGTTGGAACA	RLF	39706	46465
GGAATTAAGAGCCGACCCAA	HYAL4	18288	23409
GGACAAAGGCGATTCTGACC	XYLT1	27515	35624
GGACAAGAAGGTCATCGGTG	YBX1	22894	37505
GGACACTGTAAACTGTCCGA	GALNT12	33752	44975
GGACAGCGTGTAGATACTGT	FURIN	27491	39458
GGACATGATGGATGGACGCG	ALAD	33065	43061
GGACCCGACTGATCTGAACG	VPS51	2706	3881
GGACCTTATTCGTATATCGA	DCP1A	9676	13144
GGACGTTCTCATAAGAGGCT	RAC2	24486	32806
GGACGTTTCGGACCGCGATC	NO_SITE_151	27034	37836
GGACTAGAACACGTTCCTCT	GNS	28207	35230
GGACTCCGCTCGTACGATTA	NO_SITE_152	47270	61406
GGACTCCTATCATAGCTGGA	GALNT14	38234	48032
GGAGACCAGAGCTCACCGAT	SHROOM2	22213	28941
GGAGACCCCATACCGCCGGG	NAGLU	32827	46073
GGAGACCGAAAAGTGGATGG	ADAT2	39830	50455
GGAGAGAGCTGGGCTTTCCA	TOMM20	8887	16248
GGAGAGGGTTCATCTGATCG	ALG2	4986	8614
GGAGATAGGTTGTCTCCACG	RFX6	35516	48683
GGAGCAAGTAACAATCTCCA	GALNT13	32753	48661
GGAGCACTACATTCGGACAC	HYAL2	28822	40156
GGAGCACTATTTCCACGCCG	PIK3R6	31288	42557
GGAGCAGCAATGGGCGACAA	MGAT2	29127	44371
GGAGCATCCCAAGCATCTGG	B4GALT4	36329	45636
GGAGCCGGTCATTCTCATCA	HOMER2	33049	43674
GGAGCGAATGGCATATGCTG	ALG9	24376	30894
GGAGCTCAACAAAACAAGGG	ANKRD17	29545	40443
GGAGCTGCCGTTTGACAACG	MAN2A2	47223	64126
GGAGGAAAGCCAAGTCGTCA	MOGS	25584	33493
GGAGGACAAACACGAGAGCA	HBS1L	27707	42545
GGAGGCTTCGATGAAGAAAG	ASIP	34939	43479
GGAGGCTTCTTTACGGGTTC	SKA1	47341	60525
GGAGGTGATGTATGCCTACG	ARFGEF2	17021	21226
GGAGGTGCTACAAACGTGGT	ONE_INTERGENIC_SITE_32	26599	36084
GGAGTACCTGCAGATCCCAC	DERL2	15002	21733
GGAGTCAGATCAAGTCCGCA	GMPPA	22405	29874
GGAGTCGATGAAGTTGAGAG	PIGT	37049	51300
GGAGTCGCCAGTATTTACCG	PPIH	16150	22170
GGAGTCTCTGTCCGCGCGGC	SELENOS	12639	16358
GGAGTTTATCCGAGTACACC	HS3ST2	25776	33276
GGATACCGTACACGCGGTAT	NO_SITE_153	38615	53741
GGATACGTGGACCCTTCTGG	SMAD4	38069	43986
GGATATAACTGAGAACCTCG	RC3H1	24439	29779
GGATCCGCGAAAACCACGAG	MAN1A1	29313	40074
GGATCGAAACGTCGTACGCG	NO_SITE_154	48380	62406
GGATGAGAGTGACCACGTGG	CERS1	30898	43031
GGATGATCCTTAGAAAAGAG	EXT1	31997	43196
GGATGGAAAGCTACGCTATG	PPA2	36642	46926
GGATGTAGTAGGTATACGCA	NEU3	25123	33100
GGATTCCAAACAACACACAG	DPP4	41084	50606
GGATTTCCTGAAATGTTGGG	ATIC	18949	37755
GGCAAGTATATCATAGAGGG	GLB1	24816	35693
GGCACCAGGTAGTCCACCAT	NFKB1	22151	32965
GGCACGCGTATAACACTGCA	OGT	10399	15743
GGCACGCTAATGTTATACTG	TRAM2	26486	43208
GGCACGCTTCATCCGTACCA	SBDS	30090	47499
GGCAGCGCCGAACAGTGCTG	MGAT1	28630	44165
GGCAGCGCTTACGGACAGAA	EXT2	32838	46178
GGCAGGACGGGGAGTAGTAG	PIGH	29312	37755
GGCATAGTCGCAAACATCTG	RICTOR	19504	28062
GGCATATTCTGCTAGCAGGG	METTL1	17368	21517
GGCATCAAATACAACTGACA	PIGT	37892	50974
GGCATCCGTTACCTCACCAG	PIGA	29629	36588
GGCCACAGATGTCGGGACCT	CALR	25500	34722
GGCCCATTGACTAAAACCAA	PARS2	25412	35840
GGCCCCTAACTATTTGTCCA	PIGX	32581	44396
GGCCGAACATCGCGCGATCG	NO_SITE_155	40698	52683
GGCCGCCAGCCACACCGTGC	PIGH	8676	10101
GGCCGGCTGAGCATGAACGT	NACC1	19738	30440
GGCCTCACCTTGGAACTACA	PIGT	48183	63186
GGCGACTTCACCAACCACAA	PPIF	23690	31956
GGCGATACTCAGAGCAGAAG	HMGB1	15204	22914
GGCGATTACCGCGTCTACAG	B4GAT1	15956	19418
GGCGCCAAGGTCCCCGCGGG	B3GNT6	7993	10713
GGCGCCGGTTGATCTCGGCG	CHST13	29762	37466
GGCGCGCCGACGACTAATCG	NO_SITE_156	44821	56410
GGCGGTAGTGAAATCCACTG	PTAR1	12521	17225
GGCGTATCGTCGCTCGCTAG	NO_SITE_157	43540	55224
GGCGTCGCGCGAATACGCAT	NO_SITE_158	38943	52205
GGCTCACCTGAACACACTGC	TRIAP1	7963	13527
GGCTCTAGCTAGTAGTCAAG	PIGK	17813	24648
GGCTGAATCGAGCTCGCTCA	CHST3	24331	31802
GGCTGCCGGAAACAACATGG	MPI	25738	40560
GGCTGGGAGGAGGCGCCTAG	B4GALT1	47384	63792
GGCTTCACCTCCGACAGAGA	TRADD	27133	37638
GGGAAACAAGTCTGACCTAG	RALB	24437	32275
GGGAAAGTAAACGGAACCGG	ARGLU1	16592	20820
GGGAACGGAACACGGCCCGG	CHST4	26297	31293
GGGACGCGGACTTGCAAGTG	CHST14	35197	44660
GGGAGATCGGCGGATCCCAG	XYLT1	26047	35848
GGGAGCATATCAAGGCTGTG	DUS1L	38699	50300
GGGAGCCGTTCATCTCATGG	TLE3	23471	31028
GGGATCTGAATACACACGGT	MAU2	6414	10130
GGGATTCCTCCGCATGACTG	CHST11	37148	50007
GGGCAAAGTAACCCACATGA	CALCOCO2	28608	36355
GGGCACTGCAATATAGCACA	NEU3	31686	40309
GGGCACTGTGGGCTATCGTG	DPM3	26430	39309
GGGCCAAGTGTTGACGACCA	AGA	31749	41733
GGGCCCGACGCCAGTCGTTG	ONE_INTERGENIC_SITE_33	30965	37442
GGGCGACGTGAAATACGCGG	HS3ST1	22247	28273
GGGCGCGTATCGCCACGGGT	CHST7	18718	24130
GGGCGGCGGGATCCACTGTC	SEC61B	11869	18467
GGGCGGTTGTGTAACGACGC	NO_SITE_159	27178	36546
GGGCGTAGACGTCAAAGTAG	B4GALT2	19720	28288
GGGCTAAAGGACACCGACAC	B4GALT3	17203	24605
GGGCTTCAACAAGCTAGCTG	DHDDS	1606	2823
GGGGAGTGATGAGCTACGTG	IRF3	53592	71383
GGGGATGTCTAGGAGCTCGA	PET117	26661	33804
GGGGCACTCGTCGATCGTTA	NO_SITE_160	51039	66960
GGGGGCCTGGTGGCTAACCG	EMC4	18276	25118
GGGGGCGCAAGGCACAATGT	PARP2	12827	17117
GGGGGCTACGAGGAGTACAG	HNRNPF	25657	38545
GGGGGTCAAGACCTACCAAG	RPRD1B	30148	32661
GGGTAGTTAGCGTCGACGCG	NO_SITE_161	30208	38190
GGGTCAGAGACTTCAAACCA	PIGZ	24717	30994
GGGTCTGAATAAGACCCATT	PTPN2	32436	38488
GGGTCTGCAGAACTTCATCG	SBDS	24374	35772
GGGTGACAGTGTGTTCACCA	ST6GALNAC1	24820	31603
GGGTGCACATAGCCCGTCTG	PIGZ	27669	38878
GGGTGGAAGTCTCACTGACA	WDR36	14355	21368
GGGTGGCGGCAAGATGAATG	RRP9	7305	13518
GGGTTCATCAATTCGCCCGT	ONE_INTERGENIC_SITE_34	26805	38116
GGTAACCTGGGAAGACATCG	VCP	1822	1980
GGTACAACGAACATTCCTGG	UBE2Z	30364	41387
GGTACACCCAGTGCCTTAGG	PIGL	33584	47226
GGTACAGGCTTATTCGCAAG	YLPM1	30666	39889
GGTATAATACAGTAATGCCG	PIGW	20958	29340
GGTCAAAGGTCTGTCCCACG	YBX3	23284	31632
GGTCACAGAGTTTCGAGACA	ZNF341	33980	45794
GGTCACTTATTACTCAAACA	DNAJC3	30250	40309
GGTCCTAACAAACATAAGCA	PIGF	36631	43419
GGTCGCGGTAGGGCGCACCG	CHST12	19129	25115
GGTCGTCTTTCATTTCACCT	TRAM2	31923	49680
GGTCTCTGTAAGTTTATTGT	TIMM9	21077	30539
GGTCTGCAGGAGTCCAAACG	BPIFB3	24424	33898
GGTCTTCTGTTCGCGCAAGT	AGPAT4	25556	34157
GGTGAACACCAGGTAGTACA	PIGQ	39594	53779
GGTGAACATCCGCTACATCG	MAN1C1	29158	38903
GGTGAACGTGACATCGCGGG	BPIFB3	19344	24254
GGTGAACTTCTCCCTAGCTG	MARCO	39903	50547
GGTGAGAAGAGACACATCGA	HSPA5	1613	2164
GGTGATCAATCCTTCAACAG	ZPR1	7245	12821
GGTGCACGTGAATTCGGGTA	HOXD4	25096	32382
GGTGCAGAACGTTAGCTGAA	MAPK1	31219	44072
GGTGCGCACAGCAAGATGCG	ATOH8	37775	52192
GGTGCGCACGAAATACTCGG	MGAT3	28528	35526
GGTGCGCGTAGGCATCCGAC	TRADD	18953	23700
GGTGGCACTACAGTGTTCAG	SSR1	32739	44313
GGTGGTCCACACGTGCCACG	CHST6	31786	43821
GGTGTGTCTGGAATATAACG	CINP	13259	22388
GGTGTTCGATCAGATGCGAA	ZKSCAN5	20433	28448
GGTGTTGATGATTAGCCCTG	AGPAT4	31603	44609
GGTGTTGCGTGACAACATCC	H4C1	28549	37751
GGTGTTTAGTCCACCTCGAA	RICTOR	10594	17316
GGTGTTTGCATTCCAGACGG	HYAL1	25697	36380
GGTTACTGTAGACATCACGA	B4GALT3	18999	26390
GGTTATATCGATACCCAACC	INPP5F	20744	26356
GGTTATCAATATCGCGCCGT	NO_SITE_162	25165	34330
GGTTCAGAACACTCAACAGA	LARP4	25841	29584
GGTTGCCAGAGAGTTCAGTG	MAN1C1	34672	45851
GGTTGGGTCACAACGACCAC	PLAC8	20911	27004
GTAACCGGTCCAGAACTGGT	MAN2B1	23374	31672
GTAAGGATCTCACTTACCAG	LARP4	9660	12721
GTAATCTTGTCGCGCGACTC	NO_SITE_163	19067	26748
GTACACCGGGCTGTCAAGTG	ATXN7L3	13643	17050
GTACCGCTGGACGACGTATA	NO_SITE_164	32815	44198
GTACGAGTCGAAGTTCGGAA	TOMM40	9643	14061
GTACGCTAGACTACGCTCGT	NO_SITE_165	35603	43478
GTACGGACGATATCCGCGTA	NO_SITE_166	25902	34187
GTACTCGCGGTCCACTACGA	GALNT9	18765	24770
GTAGAATCGCCACATCCCCC	SEC61B	24110	33205
GTAGAGCACGCCTCCCGTGA	CLDN5	26694	36102
GTAGATTCACTCTCGATCCG	SMG1	5153	6218
GTAGCAACCGTAGCCCACGA	PLA2G2F	20733	24993
GTAGCACCGTGCCAGCCGTA	TMEM30A	23116	31878
GTAGGATTACCCATTGGCCA	VRK1	27516	35614
GTAGGGCAATTCGCGTCGAC	NO_SITE_167	15173	20962
GTAGGGCTGGCAAAACGAGT	UXS1	17609	24451
GTAGGTGAGTCCCATATGCT	ALG5	22420	32157
GTAGTCACCAATGATCGTTG	FUCA2	36463	47008
GTAGTCATGACGTTCGCGAT	NO_SITE_168	16326	21018
GTAGTGGGCGGGATCTGGCG	EDEM2	23866	29619
GTATAATTAACCGAACCCCA	GALNTL6	40830	55095
GTATATTGCAAATACCGTAG	RPN2	15871	24624
GTATGGTGGACTATGATGAG	TUSC3	31562	40672
GTCACACTCATACATGCCCA	MRC2	31154	40861
GTCACCAATGAACAGGGCAT	SUPT16H	1969	2539
GTCAGCGAAGAAGAGCACGC	B3GAT2	15580	20973
GTCAGGATAATAGCTTTCAG	MGAT4A	18675	24609
GTCATCGTTACTGTGCCAAG	EIF4B	20095	26767
GTCATCTCCAAGCAAGACAT	EDEM3	21614	25891
GTCATGGCGGAAGTGCTCAA	SLC35A2	31737	41470
GTCATTGAAGTCTCTCACTG	RPN1	6352	10021
GTCCAACAGATACAATTGCT	GOPC	28039	37220
GTCCAATTATAAGTAAACAT	ATP6V0A1	12435	19874
GTCCATATACCATCCAGTCA	ALG9	31302	42727
GTCCATTACTAGTAACATCG	YTHDF2	16093	21601
GTCCCCTCCGTATTGGACGG	CHST7	31791	41461
GTCCCGCTCGAAGCTAGGTG	HS2ST1	16525	25470
GTCCGGATGCAGATAACAGG	UXS1	28615	40186
GTCCGTGAGTTCTAGCACGT	PDIA3	24437	36057
GTCGAACATCTGGTCCAGCG	SYS1	2502	4019
GTCGAACATCTGGTCCAGCG	SYS1-DBNDD2	2502	4019
GTCGACCTAAAGCCTGACTG	STIP1	11861	17629
GTCGCTGGCTTTCCGCACAA	PKLR	20338	25592
GTCGTGGGTAAAGACAAGGG	CHRAC1	14408	19907
GTCGTTGCGCATTACGATCG	NO_SITE_169	30481	38319
GTCTCGATTGTTATCGCGAG	ONE_INTERGENIC_SITE_35	40516	51258
GTCTGAAGGAATTCGGGACA	CNOT6	29229	35945
GTCTGGGTTGAGTAAACTGA	PIGS	29246	44019
GTCTGTCGGATCGACGCGAT	NO_SITE_170	15832	20394
GTCTTCTTCACGTCGGACAA	GALNS	28151	35232
GTCTTGATGTGTGTTACGCA	KLF5	36171	41650
GTCTTGCAGGAATGACACCA	YBX1	23878	42936
GTCTTGGAACAGCGACGACA	SNX24	18739	23240
GTGAAAACATTTGTGCGAGG	U2SURP	6469	8589
GTGAAATTCTAACCTTGGCG	EIF5A	5522	9927
GTGAATATCATCTACACAGG	INPP5F	30114	38098
GTGACAGGAACTCCCTCGAA	GALNT16	19862	25777
GTGATCATAGTGGTCCACAT	PLA2G2F	15766	20071
GTGATCATATAGATACTGGG	UBE2J2	18422	19437
GTGATGTTCAGCCAGCAACG	HGSNAT	26188	34553
GTGCAACAGTTCAAGCGTGT	MGAT4A	18431	25546
GTGCAATTAATATCACTACT	GCNT1	21470	28966
GTGCAATTTGCTCCTGACGG	ERAP1	39343	50014
GTGCAGCCGGTCTAACCGAA	PPFIA1	19789	26453
GTGCATACGCGTACTCGATA	NO_SITE_171	21021	27163
GTGCCAAATAATTATCCATG	RICTOR	12913	22801
GTGCCCATGACCTTTCAAAG	STAG2	21329	21000
GTGCCCGTCAAGGGACACGC	DMRTB1	16505	22672
GTGCGTTTGACGTACGTCGC	NO_SITE_172	17466	22402
GTGCTGCACAAGGTAGCGAA	DHPS	14472	24528
GTGCTGTCGGAGGTCCACCG	MAN1B1	12506	16314
GTGGAACAAGCGTCGCAATG	PLAC8	27572	35626
GTGGACAGTTCTAAGCAACG	GALNT3	27469	36006
GTGGACCGGGACACCGTGTG	TNFRSF1A	22994	30152
GTGGATAAGAGCTGTCCTAG	EDEM3	29136	35574
GTGGATCGTCCGCGCGTATT	NO_SITE_173	19737	25563
GTGGATGAGCCAAAGGGACA	RPRD1B	23621	27648
GTGGCCATAGCTCCGAATGC	HS2ST1	11120	16530
GTGGCCGACCTGTCTTGCGT	MTG2	7803	10911
GTGGCTGGTACGGAAAGCGT	GUSB	23171	31366
GTGGCTGTCAAACCAGTCGG	ST3GAL2	28146	33690
GTGGTAGTAAATGACCGATG	FUCA1	21867	30316
GTGGTCTATAGCATATTGCA	CDH9	27932	35267
GTGGTTAATACATACACTCC	HPSE2	10936	16032
GTGTAATTTAGAGAGCAGCG	RAD21	1012	823
GTGTAGAAGCCATTGCGGAT	GALNS	17826	23470
GTGTATTGCCACATACCCCA	PIGW	19635	24951
GTGTCATATCTGAAGCCACA	UBR2	18132	27020
GTGTCCAATAAGATCAACGC	GMPPB	1283	2456
GTGTCCAGGATGCTAGAGAG	HEXA	31195	40467
GTGTCTCGCGCGGTCGATAT	NO_SITE_174	24544	32053
GTGTGGCAAGGCCTTCATCA	GTF3A	11501	29946
GTGTGGCTTATGATACCCAA	IDS	27726	35528
GTGTTCCTGACGGGCGCACG	CHPF	16383	21478
GTGTTGGCGATCGTCGATAG	NO_SITE_175	29114	36924
GTTAACTGCCACCTCACAGT	GALNT7	32796	42804
GTTCAGTTAAACTGAGAAAG	CALCOCO2	14359	18863
GTTCATGATTCCCATAGCCT	H2BC14	29934	39919
GTTCCATGGACGTTACGCCC	ALG14	11712	18814
GTTCGACGAAGCCAAGTTCG	FUCA1	22386	30438
GTTCGATGCGCGTACTACCG	NO_SITE_176	21849	28707
GTTCGTATAAACGGTCGTCG	NO_SITE_177	20277	28908
GTTGACAGCTACGTCGTAGG	PIH1D1	28064	33625
GTTGACCTGCTATCGCCCAG	PPFIA1	24360	32966
GTTGGTACTGGATCACATTG	MUS81	23675	31261
GTTGGTGAGCTCCGTCCAGT	HS6ST3	22000	28564
GTTGTCGAACTCGAACGTCG	NO_SITE_178	29241	37817
GTTGTTAACATCAGGATAGG	VPS26A	19128	23762
GTTTAATGTATCGCTACCAA	TNFRSF1A	14169	18449
GTTTAATTACTTGCCCAGGT	STAP1	11282	13052
GTTTATCATTGGACCTGGAG	GABPB1	15039	22545
GTTTATGTACCATCTGTTCG	PGAP1	29937	40667
GTTTCATATACCTCTATGTG	GLCE	19818	26909
GTTTCATGTCCGGTTCACAC	MMS19	11138	16592
GTTTCCTCGTCAGTAACTAG	INTS12	21592	30227
GTTTCGAACGATCGCACGTA	NO_SITE_179	29521	39244
GTTTCGCGCGCGGAATTTAC	NO_SITE_180	17928	25558
GTTTCTGAAGAATTGGACAA	GABPB1	22827	32763
GTTTCTTGGCCATTTCAGGG	PIGO	28842	35140
GTTTGACTTTGCGTACACGG	SGSH	14354	19017
GTTTGCCATCTTATGTGGAA	MBTPS2	41296	55465
GTTTGCCGTACTTCACATCA	VCP	1987	2245
GTTTGTATCACAAAGAGACA	PIGA	22595	30046
TAAAAATGTCCAATACATCA	HPSE	41352	54151
TAAACGCCGATTCCTGCTCG	RNASEH1	30831	44432
TAAACTTAATCTGTACTGTA	CD160	18627	23699
TAAACTTATGGAGTTACTAG	NAA20	29568	25091
TAAAGTACTGACATGATCAG	DERL1	21173	28578
TAAATCTTGCATAGTGCACG	DDX6	10344	12641
TAACAACCTACCTGGGTCGG	GLB1	17010	24726
TAACAACTATATGAACCACG	GLCE	16644	22836
TAACACAGCTTATTCCGCGA	RC3H1	12489	16154
TAACACTTACTTAATAGTGG	DDX6	21381	24686
TAACATCCTTTCGTGTAACG	PABPC3	23881	32233
TAACATTAGTGGATCGGACG	ONE_INTERGENIC_SITE_36	27520	38037
TAACCAGGCTTGCAAACAGA	UBR2	33861	45829
TAACGGAGTAATTTCTCGGT	MAGT1	15125	23260
TAACGTATCACGACGGTTAA	NO_SITE_181	29924	37142
TAAGAGGTCAGACGAACGTG	VPS53	15427	17044
TAAGTGCGGGACTAAACACA	DHPS	13512	25123
TAAGTTCACGACGTCGACTT	NO_SITE_182	23650	30065
TAATAGGTTATGATGGAGGG	PABPC1	28783	41898
TAATCCCCCACTTAGACGGG	CALR	28283	43107
TAATCTTCCTACAACAAGTG	GALNT1	35108	46067
TAATGCCCGTCGATCGACGT	NO_SITE_183	27341	35393
TAATGGTGTTCGGTCCACTT	GABPB1	10958	18531
TACACAACGCGGTCCGCGTA	NO_SITE_184	37290	47615
TACACTAAGAGGGAAAGTAG	DDX6	24741	27822
TACAGCAAAAGAGTCTACAT	STT3B	23276	35709
TACATACAAAATACTTCTCG	AGPAT4	13396	18391
TACATGTCGGAGAACGCCAT	GPAA1	9190	11606
TACCAAATATGTGCTTACTA	SSR3	31545	44393
TACCACACCATCATTTAGCG	G3BP1	24412	36115
TACCACTCGAGAATATTCGA	UBE2J2	16835	19145
TACCCCGTTACGCTATCGCA	NO_SITE_185	39548	50343
TACCCGACACTTACATGCCA	MALSU1	19043	25343
TACCCTCACTCTCTGCGTGG	PELO	15706	25664
TACCGATCACCGTACCCACA	PARP1	30308	38512
TACCGCGCGACGTCTAATCG	NO_SITE_186	29044	37145
TACCGCGCGGATCAACGATA	NO_SITE_187	39071	50430
TACCGCGCGTATACGGTTGA	NO_SITE_188	39947	46885
TACCGTACGCGACGTACCCA	NO_SITE_189	35614	48313
TACCGTCGACCGGTCGAAAA	NO_SITE_190	23470	32551
TACCTGCCCTACGCGCTGGG	B3GALT6	29417	41827
TACCTGGAAACATGAAGACG	STT3A	21049	33337
TACCTGTCGCTGTACAAACA	XRCC5	3643	7250
TACCTTGGAACGTATGACAC	GALNT4	19567	25978
TACCTTGGAACGTATGACAC	POC1B-GALNT4	19567	25978
TACGATCACCGTTCGACGAT	NO_SITE_191	30907	41193
TACGCGATGTACGACGTACG	NO_SITE_192	19628	27028
TACGTCCAGTCCTACAAATG	MANBA	34972	44541
TACTAAAGGACAAAAATGGT	WDR12	5739	11135
TACTAGGCTCGTTAATCAGG	SDHAF2	20186	27488
TACTATCGCGAAGTTTACGC	NO_SITE_193	19242	26488
TACTGTGTTTCAGATAACGG	ARSB	24389	32342
TACTTCCAACAATATTTACG	ELP3	14179	26192
TACTTGGGCATGTGGACACA	EIF5B	5510	11443
TACTTTCTATGAGAAGCGTA	RPS6	1154	2401
TAGACAGATGCAGTCGACGT	ONE_INTERGENIC_SITE_37	18682	22592
TAGAGATGGCAACATACTGG	SLC35A2	28443	37118
TAGAGCTGTTCATCCGTGAA	CARM1	21473	31031
TAGAGGAACTGTGAGCTCGT	JUND	24694	37981
TAGAGGTCGTACGTAACGCG	NO_SITE_194	18176	26285
TAGATACAGGAGACTCCCAA	HS3ST5	20817	30123
TAGATATTCTGGACACCGCT	RALB	19448	27349
TAGCAGGCGGACACGGCCAT	RPS6	4530	7625
TAGCAGGCGGACACGGCCAT	RPS6P13	4530	7625
TAGCCACGTACGCATCGCCG	CHST6	22954	31332
TAGCCGCCAACGCGTACGAT	NO_SITE_195	28982	38681
TAGCGGTCGTCGCCGACTTA	NO_SITE_196	38004	48854
TAGCTCTCTACTATCCGACA	SAFB	26085	37181
TAGCTGCGATCGAAGAAATG	HS3ST3B1	22184	29506
TAGGAACTTACCACTCCCCT	ST3GAL4	27722	40881
TAGGAAGTCGAGGGACCGAA	SAFB	29023	44363
TAGGACCCGCTACATCAGCA	CHPF	39393	53733
TAGGAGAGCTGTGCCTACAC	TFRC	9559	15880
TAGGGGAAAGGAGAGCCACA	ALG14	7192	11475
TAGGTTCAGCATTTCAAGCA	HS3ST5	34992	46327
TAGTACACGCATGACAATCG	DNAH5	17608	22893
TAGTCGAATGGCTAAACCAG	XPO1	1831	1919
TAGTCGACGCGAGGTGTACG	NO_SITE_197	36951	47114
TAGTGCCCAGAACTCACGAA	PDIK1L	29407	37356
TAGTGGTGGAGACCCAAGAA	MRPS18A	14196	21034
TAGTGTCGAGCATGGAACCG	SMG1	5168	7054
TAGTTCGATAGCCCGCCTGT	OGT	7886	10092
TATAATCGCCGGTTCGCGAC	NO_SITE_198	15257	19644
TATACCTAGCTTCAGGACAT	PTAR1	12085	16277
TATACGAACTAACCTCCATG	NIPBL	5732	8749
TATAGACGTACGTGCGATCG	NO_SITE_199	16572	23407
TATATTGCTAAAGCACTAGG	SLCO1B3	26021	36738
TATATTGCTAAAGCACTAGG	SLCO1B3-SLCO1B7	26021	36738
TATCAACAAGCATTCCACCG	PRMT7	36375	45062
TATCATTCACCGCTCGACTA	NO_SITE_200	24009	31871
TATCCACAGGAGTGAAACCT	MAN2A1	21331	28349
TATCCACTTTGCCATACACA	MGAT5	36302	52226
TATCTATAGATTGCTATGCT	RLF	36096	42490
TATCTGACCACTAACGCGGT	ONE_INTERGENIC_SITE_38	18223	23388
TATCTTCAGATACCAAGATG	G3BP1	28472	41895
TATGAATTATAGGATATCTG	UVRAG	13866	19412
TATGACATCCCTCACACTTG	MAN2A1	38516	50908
TATGACGTCCCCCATACCTG	MAN2A2	23361	34007
TATGCTCGACTGCGCGTTAT	NO_SITE_201	33053	42357
TATGGAAGTAACCATAACCG	GALNT3	18864	26029
TATGGATTGCACCTACAACC	HS6ST3	18942	25458
TATGGTCATTCATTGGAATG	B4GALT1	29667	42977
TATGTAAGTGCCCTTACCGT	NPM1	14003	22255
TATGTCTGCAAACTCCACTT	METTL1	16966	25434
TATGTTGGATTCCTTAGATG	PGGT1B	20367	32094
TATTAACAAGCATATCCCAT	BLMH	17353	23756
TATTAATAATCACGAACACA	MDN1	3376	7263
TATTAGTGGGAAAAAGTCAG	UBE2Q2	34224	45499
TATTCCACCCAGTCTTACAC	ELP3	9554	17844
TATTCGCGGTTAGCCGTATA	NO_SITE_202	37763	45624
TATTGACGAACAGTGATGCT	DCAF4	20139	24619
TATTGGAAACACACTTGACA	PIGF	16362	21978
TATTGGAAACACACTTGACA	PIGFP1	16362	21978
TCAAAACAATCTTGTCCCAT	SPCS3	13815	19646
TCAAAAGTTCCCCTTACAAG	GALNTL5	32752	40778
TCAAGGAAGACATTGTGAGG	GALNT5	30657	42336
TCAATAGTCCATGCGACGAC	ONE_INTERGENIC_SITE_39	9748	13104
TCAATGAGTGAATCCAAACG	ZC3H7A	26085	33328
TCACACCAGCAATCTCAGTG	XPO1	1505	2268
TCACAGACTCAGTTATGGAG	NUP133	10011	11629
TCACAGCTAAGATATCAACA	UVRAG	24106	30666
TCACATGTCTATATTCCGTA	CSGALNACT2	20444	28225
TCACCAACACCATCTATCCC	CD160	17107	22912
TCACCACCGCCTTCAAAGAC	SPCS3	5981	7279
TCACCACTTCTTAACCAAGG	MUS81	28009	37715
TCACCAGCACTGACCACGGG	NEU2	29822	40413
TCACCATAGAGTATGCAATA	GCNT3	31388	41382
TCACCGAATTCCAAGAAGCC	ALG14	13585	22412
TCACCGCATAGCAAAACTCA	DCP1A	14863	19731
TCACGCGCTAGACGCCACCA	ONE_INTERGENIC_SITE_40	23934	29117
TCACGTTGACATAGAGTGGA	EDEM1	32994	42825
TCACGTTGTGAACAACACTC	GNS	20586	25773
TCACTGACCTGCAAATAGCG	ZFP91	16031	24462
TCACTGACCTGCAAATAGCG	ZFP91-CNTF	16031	24462
TCAGAAGTCCTATTCAACCT	PIGG	29132	39835
TCAGAATCCACAAACCATAT	UBE2Q2	10261	14684
TCAGACACCAATGCAATGCT	YEATS4	21161	31199
TCAGAGGAATATCATGAAAG	PPA2	22532	31190
TCAGATATGGAGGTACCACA	ZCCHC8	32185	40612
TCAGCAAGATTGTCGGCAAG	GALNS	22974	29652
TCAGCACAGTTAGGCCAACA	SRD5A3	19662	24698
TCAGCATCTTCATCCCCAGT	POLL	27114	34689
TCAGCATGCCGCAAAAACAC	ATXN10	13512	25945
TCAGCGAATATGTTCGCCGA	NO_SITE_203	31859	38720
TCAGCGGTCCGAAACGTAAG	NO_SITE_204	30327	40951
TCAGGATTTCTACCACAATG	RABGEF1	24656	36230
TCAGGCAGATTAATGCAGCA	CD207	32992	44513
TCAGGGCATGAAAATCAACA	RNASEH1	37591	50418
TCAGTACAATGTCCGCTGAG	DHX36	16389	23533
TCAGTCATAGAACCGACACT	OSTC	18772	36906
TCAGTGCTAGAAAGCCTGGT	DNM1L	21235	28268
TCATAAGGGATCCTATTGAG	HS2ST1	22607	31890
TCATAATCACCAAACATAGG	ALG6	21609	32950
TCATACACACCATCATAGTA	EMC4	23619	34326
TCATACCCAGGCTAGACCTG	PLA2G2F	25059	31706
TCATAGGTCTCGTCATGGGG	STT3A	24692	41676
TCATCAGAAAGACCTCTGCA	PDIK1L	38915	50853
TCATCAGGGGATAGTTCCAG	ALDH1L1	21899	28559
TCATCGTTTATAATCCCCTG	MAN2B1	23823	33724
TCATGACACAACAAAGTCCG	ENGASE	24685	32962
TCATGAGGAAGCAGTAATCG	MGAT4B	28014	40154
TCATGTGGACACAAAATCCG	GCNT1	20298	24615
TCATTCAGACGCTTCTACAG	SDHAF2	10776	15764
TCATTGATCTCTCCAAACCG	PRMT7	23973	31900
TCCACAGACCATGTCTGCAA	HMGB2	31706	41991
TCCACATAGTGCAATACCTG	GMPPA	29297	38212
TCCACCCACCACAATAACCA	DGAT2L6	35399	50399
TCCACCGACACTGCAAAGGT	USP22	16772	24295
TCCACGTCCAGGTACACGAG	PPIF	18055	23510
TCCAGAGAGTATTCGACCAG	DHX30	13722	21591
TCCAGATCATGCATGCCCCG	LDLRAD4	29939	41200
TCCAGCACCGACTCGTCGGG	WWTR1	24340	34806
TCCAGGGAAACCAACAGTCA	MAN2B2	38610	56156
TCCAGGTGCCGAACCGAACG	NUS1	8724	12212
TCCAGGTGCCGAACCGAACG	NUS1P1	8724	12212
TCCATACTCCTCAAGGACTT	SPTLC2	23922	32318
TCCATATCGCGCGCATTCGA	NO_SITE_205	18141	24194
TCCATCGTCCCCGTGCGCAG	RPS2	1636	1911
TCCATCGTCCCCGTGCGCAG	RPS2P46	1636	1911
TCCCAATCCGAGCCCAAGGT	ARMCX3	17583	21687
TCCCAGTGGGCCGTGTACAC	H2AX	12784	16196
TCCCAGTGTGAGTATGTAAG	AWAT2	45274	57756
TCCCCACGACCACACAGCGG	ST3GAL4	30274	41463
TCCCCAGCGGTAGTTATCGA	ONE_INTERGENIC_SITE_41	21313	26912
TCCCCGCCAACCTCTGAGAG	HAUS4	5465	8175
TCCCCTGCTGTAGTACGAAG	TELO2	16141	27538
TCCCGCAGTGAGATAAAGGG	GALNT15	33764	48013
TCCCTCCTTGCTTACCATGT	MOGAT1	29819	38480
TCCGAGCCACCAATTCAACC	ELP3	14221	26061
TCCGGGCTACGACTCGTAAC	NO_SITE_206	20277	25827
TCCGTACGATTGATCGCCGG	NO_SITE_207	25498	33259
TCCGTCGATCGACGCCCTAT	NO_SITE_208	35227	43904
TCCGTGAACTCGCCACCGCG	CHST2	23122	32691
TCCGTGGTCTTCCACCAGAG	PIGS	15033	23136
TCCTACCTCGATATGACTAG	PIGK	11723	17247
TCCTAGAAAAGGCATATGGA	ALG8	21367	32098
TCCTATTGCACAATGATCCG	PTCD3	7202	9276
TCCTCCCGCCGACGTGACCG	PIH1D1	14107	17813
TCCTCCTTTAAGATCCGGGG	ATXN2L	17743	25568
TCCTCGAGCGTATCCGATAG	NO_SITE_209	22114	29959
TCCTGCAACTGCCGCAGTGG	HS3ST3A1	29965	40190
TCCTGCTGTACCAAGTGACA	PARS2	25056	33602
TCCTGGATGCCAATCAGCTG	EIF5A	6552	11492
TCCTGGGTCACTGTGTACTC	TARBP2	9257	11177
TCCTGTACTATGTCTACATG	DPAGT1	4130	7533
TCCTTCGAACGATCGGCGTA	NO_SITE_210	20638	28787
TCCTTTACAAACTGCCGACT	SEC61G	9460	13183
TCGACGCGCTGGACACCATG	MAN1B1	47532	66884
TCGATCATGGCATATATCTG	VPS54	13498	18798
TCGATGTGGTAGCCAACCCA	HYAL1	23114	30589
TCGCCATGGAGAACGACGAT	ATXN2L	18937	27117
TCGGTCACAGCTGTGAACCG	BPIFB3	23011	31764
TCGGTGAACTCGATGACAAG	P4HB	26592	34484
TCGTAGTACGCGCACGGTTG	NO_SITE_211	41906	54088
TCGTCCGCGACCCGATATCG	NO_SITE_212	31401	44418
TCGTCGTATAGCGTCGTCGA	NO_SITE_213	21731	29998
TCGTTGGACTAACAGACCAG	CDC45	1747	2247
TCGTTTATAACCACTACGAG	ALG13	19735	25818
TCTAAGTCAATCATGTCCCG	ATP6V0A1	15271	25082
TCTACAATCAGAGTAAGATC	MGAT4A	28908	39363
TCTACACTTTCAATCAAAGC	UGP2	20757	27052
TCTACAGCTAACTGTACCAA	PIGV	28490	39320
TCTACGCAGACCCCACCAAG	GTF3C5	12571	24430
TCTACGTCGCGATACGGGTA	NO_SITE_214	35024	45563
TCTGAAATACGAAGCGCGTG	MUS81	14710	19371
TCTGAGATACGATACGCGTA	NO_SITE_215	27391	37256
TCTGAGGACAGGCGAGAAGT	TELO2	11562	17577
TCTGATGCTTGAATCGTGTG	HBS1L	24793	34703
TCTGATTCCAGATATGATGA	SELENOK	29978	42084
TCTGATTCCAGATATGATGA	SELENOKP2	29978	42084
TCTGCACATCGATGCTCGCG	DHX30	5312	7879
TCTGCATATACTGGTTAGTG	PABPC1	16469	23415
TCTGCTGCTGTCGTATGTGA	NDST1	32784	45528
TCTGCTTCCTTGTAGTGAGG	TIMM10	14960	22429
TCTGGAGACCTTGAATATGT	C1GALT1C1	30598	34445
TCTGGATGGACATGCCCACG	ALDH1L1	18979	25992
TCTGGCACACGCGCTTCACG	MAFF	23038	29363
TCTGGCCTTGCAAAGCTACG	SRBD1	1939	2228
TCTGGTAATAGCGGTACCTG	NAGLU	21923	31796
TCTGGTACCACGGGTCTACG	PIK3R6	19679	27580
TCTGTAATAATCAAGAACCT	ATXN10	9249	16368
TCTGTACAGCTACTGGTGCC	CNEP1R1	32324	40163
TCTGTTCAGACTCTAATAGG	RAD21	7472	9020
TCTGTTTCTTACAAAAGGCG	GCNT4	15538	22391
TCTGTTTGCTAAAATGTACG	SLCO1B3	25825	35048
TCTGTTTGCTAAAATGTACG	SLCO1B3-SLCO1B7	25825	35048
TCTTAATGCAGATGGTCAGT	TPT1	10274	15576
TCTTACATTCGGCGTTCGCA	ONE_INTERGENIC_SITE_42	15356	17316
TCTTACCAACCCATCCAAGG	CINP	7867	20496
TCTTACTTCCTCATCACCGG	OSTC	7029	13003
TCTTAGTGCTAGTATTTCTG	SRD5A3	26578	38230
TCTTATATTGACGGCGCGAC	NO_SITE_216	9027	13486
TCTTATCGTAGCTACGCGCA	NO_SITE_217	22001	31252
TCTTCAGGGTAAATCGCAGA	TTI1	8085	15394
TCTTCCACGCCAAGACAATG	PIGA	25630	33973
TCTTCCGAGGAAGCACATCA	ZKSCAN5	34937	45429
TCTTGAAGTTTCACATCACA	PIGB	27764	37964
TCTTGCCAAAACACTCTCGG	NEU4	25362	33931
TCTTGCGGTTCCGAGCAATG	GALNT10	30345	38456
TCTTGGTGCCGTACCGCTTG	CHST11	21046	25916
TCTTGTGATTATAACCAAAG	GALNT5	26402	32890
TCTTTACGTTGACGCGTTAC	NO_SITE_218	16751	22034
TCTTTGAATGCCATGCGACA	TAMM41	30587	40231
TGAAACACCCCTGTCCATCC	MPI	19407	34677
TGAAAGAATAGCGTACATCG	ADAMTS9	12279	16086
TGAACAGCATACACTAACGA	SLC35A1	21694	30677
TGAACATTCTGACTCGACCG	ZCCHC8	26921	30815
TGAACCATACGTACGCGTTC	NO_SITE_219	22938	31830
TGAACGCGGTCCGATTAATA	NO_SITE_220	30674	42981
TGAAGAAGTTGGTACCGTCG	IDUA	34937	43503
TGAAGACTCACTGATAAGCA	AWAT2	34306	43453
TGAAGATGGCACTGCAAACA	DGAT2L6	32610	42272
TGAAGCCAGCTAGATACCGG	NDST3	15144	23258
TGAAGGAAGGGATCACCCTG	PPIF	31564	40517
TGAAGGGGAAGGTCCCCACG	DAD1	3806	5164
TGAATCGGATCCGACTACAG	ARFGEF2	16359	19872
TGAATTAGATCCAGGCGAGG	CBLB	29431	39931
TGAATTCCAGGCTAAAACCC	HEXB	22521	32088
TGACAAAGCTCGCTATGACA	HMGB2	28216	36936
TGACAACAATGACATGACCA	SMG9	26120	31008
TGACACTAAGCAAAAGACTT	GANAB	14665	20617
TGACAGCCATATACAACCAG	ADAT2	27765	37223
TGACATTTAGAGATGGATAG	ALG2	11591	23486
TGACCACTCCAACTGACACC	ALG10B	24674	31848
TGACCATCAGAATCTGACTG	U2SURP	9855	13324
TGACCCGGTGTTCGAAGATG	EDEM2	20224	25660
TGACCCGGTGTTCGAAGATG	MMP24-AS1-EDEM2	20224	25660
TGACCTGCTCCCTCTCAACG	B4GALT7	25999	33295
TGACCTTGTTAGTCCGCCAG	CHST7	36512	47694
TGACCTTTGATCCCAAAAGG	ST3GAL3	18914	24478
TGACGAAGGGCGTACAGACG	CHST3	19689	27901
TGACGAGCTTGCTTCCACAA	ALG1	8281	15086
TGACGATGCGGAATCGCTCG	UBE2Q2	25324	33440
TGACGTGTGCAGTAATACTG	ICAM1	31456	87936
TGACTAAGCAGATATGGGCG	PELO	11780	21062
TGACTGAGCCGTATACGCGT	NO_SITE_221	35866	48927
TGACTTGCTGGATTAAATGC	FAF1	26784	36366
TGAGATAGTTCAGAGAATGT	SHROOM2	27857	35837
TGAGCACGAAGAATGCCTCG	GMPPA	21374	29226
TGAGGACGTGAAGCGCACAG	RPN1	2403	4413
TGAGGCAAACAAGATCGCAG	BIN1	22609	27788
TGAGTACTGTTGGCGAGGGT	GBA	15954	18214
TGAGTATAGGAAACCGGGAG	COG1	17538	23815
TGAGTGTTCAAATAAATGGA	SPAM1	30912	41386
TGATACCACGCGTCGACGGC	NO_SITE_222	32476	45366
TGATACCGTCGACTACGTAC	NO_SITE_223	37713	48166
TGATATTTGGAGATGAACTG	WDR36	5955	11875
TGATCAACAAGAGTTGCTAG	ASXL2	33512	48484
TGATCACTCCAATTGACACC	ALG10	25242	33666
TGATCAGGCTAACGGCGACG	DPM2	19387	26121
TGATCGGGGATTCCGGAGTG	RAB10	36761	46436
TGATGAAATGACAGGCTACG	MAPK14	21872	30929
TGATGATGTTATCTCTCGCG	ONE_INTERGENIC_SITE_43	26046	34603
TGATGGAAGCCACACTACCG	NEU3	25607	32760
TGATGTTGAAATCCACGAAG	HS6ST3	22779	30577
TGATGTTGTGGCTGTACATG	CHST4	36388	46041
TGATTGGTGACAAGCCAAAG	MADD	30573	39804
TGCAAACAGATATATAGTAC	MAPK1	19708	26157
TGCAAACGATGCCTCCACCC	TRMT1	14748	21500
TGCAAATACTCCTCGCACGG	HOXD4	28768	35899
TGCAACAAAACTGGATACGT	PIGN	24268	30502
TGCAACCTGCTACTGGACGC	CNEP1R1	25463	33317
TGCAAGTAGAGATACTCCTG	GAB2	25845	31960
TGCACCCAAAACTACCCGGT	RPN2	8291	12333
TGCACCGTAGCGCCTCTGGA	CHST13	20615	26882
TGCACGCGACTCAGCAACCT	DNLZ	19332	27244
TGCAGCACTACTATGGATGT	AGA	48405	63961
TGCAGCTCAGCAATCACAGT	PIGO	24716	31247
TGCATCTGCAGTCACGGGCG	USE1	29456	39568
TGCATGAACACCTTGAGCGT	DCAF4	33074	37577
TGCATTTATAGACTGACTAG	ARMCX3	23290	30139
TGCATTTCCATCAGTCTGGG	CSGALNACT2	40516	54432
TGCCAACCTGCTTTGCCCTG	IDS	42362	55313
TGCCAAGCCGAGCTCAACGT	BSN	24744	34229
TGCCAATAGTACTAAAGAGG	SRBD1	7468	10470
TGCCACACATCGACCGCGAA	CTIF	19282	27020
TGCCATAGAGCTCTCGAAAG	TAMM41	27605	38850
TGCCATCAACAAGTACGATG	ST3GAL4	37623	56820
TGCCATCACTAAACCAGACA	REPS1	44229	59837
TGCCCATTCCTATGCCATCG	GUSB	37864	50869
TGCCCTATGATGTAGAAGTG	CHST15	36703	50423
TGCCCTGAGTCTCAATGAAG	EIF4B	27277	36040
TGCCGAAGTAGACGTGAGGG	MOGS	22656	35173
TGCCGTAACGCTATCCGGTC	NO_SITE_224	23733	32356
TGCCTCTGCAGTGAGCAATG	EEF1G	16368	31049
TGCCTGTATTTGTCTACACA	HYAL4	39763	50203
TGCGAGTCCCTTACTATGTG	ALG8	27362	38147
TGCGGACGTTCAAGCAGGTC	MRPS14	9287	11475
TGCGTTATGTCAAGGCAGTG	HYAL2	36391	49798
TGCTCGCCTCTCCCGACCTG	JUND	21867	32302
TGCTCTATGAGAGCAGAAAG	SDHAF2	24656	31329
TGCTGACAGTGAAACCGTGA	HAUS4	9756	14239
TGCTGAGATGAAACTCAGAC	SMARCA5	23936	33888
TGCTGGCGCTGAGTACGTCG	GAPDH	4186	7889
TGCTGGTCCTCAACTTTGAG	TNFRSF9	35489	48257
TGCTGTACCAGAATGCCAAG	DOLK	43695	58769
TGCTTGTAACTGAACTGATG	HAUS4	13150	16874
TGCTTTGGATGACTTAGACA	XRCC5	8950	14747
TGGAAGCCCAGATGGAACAA	DPM1	35913	55551
TGGAATTACTTCTCACATGG	GPLD1	34676	46596
TGGACCAGTACGTCAACAAG	GALNT9	38789	49941
TGGACGGCCGGAATTTCCAT	THG1L	8578	15634
TGGAGAACGTGAAGGAGATG	SNRPD2	2497	3421
TGGAGCACGGAAAATCTACG	CARM1	18722	24413
TGGAGCTAGTGGCATTGACT	MPDU1	28731	48406
TGGAGGACGACACCTACCGA	ST3GAL1	22891	28242
TGGAGGGCATTAGCATCTGG	AGA	39148	55604
TGGATACGGATGAAGCACAT	RPN1	27913	43499
TGGATGACCTAGTCCCCAAG	ALG2	8185	13550
TGGATTCCTCCTCATGAGGT	PDZD11	25923	31351
TGGCAAGCGGTATTTCACCT	GANAB	17692	25197
TGGCAAGTTGGAGTCGAAGG	MGAT5	33292	45122
TGGCAATCTCAAGTCAACCA	HPSE	40361	54469
TGGCACGGCAGCCACAAGTG	CCNO	30372	39793
TGGCATCGTGCTCCTATGAC	SEC13	1752	2437
TGGCCAGGAGATACATCGGT	IDUA	18825	25472
TGGCCCAAAAAATAAGAAGT	DERL2	25557	34737
TGGCCGAGTTCATTTCCGAG	PIGU	28584	39084
TGGCCGTTGCGCATCGAAAC	NO_SITE_225	29038	39675
TGGCGATAATCGGCGTCCGT	NO_SITE_226	22244	30041
TGGCGCGACGTTATACGCGT	NO_SITE_227	21723	29280
TGGCGGTCGGCGATTCGGTA	NO_SITE_228	31555	41397
TGGCGTAGTAAATGTAAGGT	RFT1	5810	10246
TGGCTATAGTGCACCCCCTG	CHPF	28484	36390
TGGCTCATGGCTAAAGTAAG	USP16	35960	65169
TGGCTCCGGTATCGTCAACA	SLC2A1	33001	48118
TGGCTCTTCACCGTCGGACA	LDLRAD4	37316	49832
TGGGACTCTTGAGGGATGTG	ZNF555	26913	34938
TGGGAGACCAGAGCCACGCG	TRAF2	8758	10774
TGGGAGCAGCACACCGTCTG	RAC2	50728	65793
TGGGAGCCAAGAGTGCTGAA	MPDU1	32078	52074
TGGGAGTATCGGATGTAGCT	ATP5F1E	19731	29999
TGGGAGTATCGGATGTAGCT	SLMO2-ATP5E	19731	29999
TGGGAGTCACGGACGGTTCG	REXO2	25357	35426
TGGGATCAAACGAGCATCGT	ONE_INTERGENIC_SITE_44	36527	53817
TGGGCGAGTTTAGCCTCAGG	DHPS	16518	29604
TGGGCGTGTTAACTACAGAG	GPLD1	27979	36364
TGGGGACCCGTAGGTGCGCG	RPS28	1940	3915
TGGGGCTCTGCATCTCACAG	USP22	30404	42399
TGGGTAGCACCTCGGAACCG	YTHDF2	11829	14554
TGGGTCAATGCCAGGCGATG	HDAC3	18887	21677
TGGGTCCAAAGTAGGGATAG	HYAL3	34472	42271
TGGGTTATTGACCACAATCG	PIGX	24278	28146
TGGTAAAAAGTCTCAAACGT	ZKSCAN5	19859	27490
TGGTAGGTCCCACTGTGCAA	CD160	24948	32920
TGGTAGTGCAACCCTCTCAA	PTCD3	23905	33875
TGGTATCCTCCCATGTAACG	PIGZ	21572	31047
TGGTATCGGCGCGCTATAGG	NO_SITE_229	38482	45713
TGGTATTGGGAAAGGCCTGG	EEF1G	13438	21635
TGGTCCAAATAGTCCTGACA	HNRNPH1	10170	16351
TGGTCCACGATACGTAATCG	NO_SITE_230	31724	38980
TGGTCTACTCGAACGAGCGG	NO_SITE_231	40140	50408
TGGTGACGGACAGGAACGAG	HPSE	24214	32185
TGGTGATACTCACCAGGTGA	SYS1	2405	2748
TGGTGATACTCACCAGGTGA	SYS1-DBNDD2	2405	2748
TGGTGGTATTACGCTTGATG	HSPA8	13970	23523
TGGTGTACGTGTTCACCACG	CHST2	22703	30146
TGGTTAAGCACATCGATGGA	EXT2	32435	42976
TGGTTCCGCCGCTGTATCGG	SNAPIN	25631	32433
TGGTTTCTTTAATAGGGAAT	RPL21	6144	10310
TGTAAAGGACTCCATTCGGC	SEC61G	3113	4439
TGTAACCAACAGAACGACTG	LDLRAD4	35303	48544
TGTAATGTACGTGCTCACCA	PIK3R6	29186	39649
TGTACGCTCCCGTCGAACGA	NO_SITE_232	23669	34548
TGTAGAACAAGATTGTGACC	TRAM2	19948	29108
TGTAGGGCTCTCGCAACGCC	ALG10	19648	27010
TGTAGGTGGGCGTCACCACG	B3GAT1	28977	35070
TGTATCAAATATACCGAAGG	PIGW	18683	24998
TGTCAAATACTCATCCCTGG	PIGB	34337	45223
TGTCAATCTTTAGCGGCGTA	ONE_INTERGENIC_SITE_45	49434	61622
TGTCAATGTAGAGCACCCGA	HDAC3	14438	16807
TGTCACTGTCGTGTTTACGC	PIGS	18148	27556
TGTCATGCTGAACCGCATTG	PTPN2	33411	40837
TGTCATTGAAACTTGCAAAG	NSDHL	43095	55301
TGTCCAATGATACATATACC	DHX36	14075	17595
TGTCCCCTACGACATGTCGG	TELO2	19641	32297
TGTCCGCAGAGCACCGACCG	WDR81	40520	51955
TGTCCGGAGAATGTTCACGC	ZC3H13	3267	5164
TGTCCTGTTTAATTAAGAGA	PIGX	38268	52635
TGTCGACGGCGTACCGTATA	NO_SITE_233	32001	41992
TGTCGACTGACGTATACGAT	NO_SITE_234	37759	46397
TGTCGTTCTCTATCACTACG	OST4	27101	35028
TGTCTTACAGGACTACACGC	GALNT14	23260	30260
TGTCTTCACATGCTTCATCG	RICTOR	21512	35888
TGTGAACTTCCAGCATACGA	PABPC3	31098	42199
TGTGACTGTTTCAGCGACTG	PLAC8	19074	26725
TGTGAGCACAGAGAGTGGAC	SNRPD2	1426	1800
TGTGATGACCGGGATGTATG	SEC61A1	3388	5546
TGTGCAGCACGATGCACTCG	CCNO	19075	26238
TGTGCTGCCTGTGTTCACGA	TRAF2	10637	11743
TGTGCTGGTTGTATATAGCA	GCNT4	22622	29535
TGTGGATGAGATGAACGGAA	PABPC1	27920	41346
TGTGGCAGAGAACTCCTACG	RRP9	6573	9776
TGTGGCCGAGGCATTCCGTG	HYAL1	36219	44354
TGTGGGATGTCGACTCCTAG	CBLB	25499	33819
TGTGGGGAGTTTCATCCTAG	DAD1	2971	4160
TGTGGGTTCAGATGTACAAG	EDEM2	38264	47414
TGTGGGTTCAGATGTACAAG	MMP24-AS1-EDEM2	38264	47414
TGTGGTACGCGAAAAAACAG	DHX36	15811	22240
TGTGTCACAGCTACCCCCGT	TSC22D2	6824	8816
TGTGTTCGTCACGTTCAATG	DCP1A	9374	12238
TGTTAATTTCTTGCAGGAGA	HIKESHI	44454	57900
TGTTACGCGACGAATTCGCG	NO_SITE_235	28428	41352
TGTTCAGGCTGGCTAGACGG	ALG2	7784	11800
TGTTCATAGCAACGGCAACA	B4GALT3	27689	40147
TGTTGACGTAGAAACCTACG	BIN1	21059	28341
TGTTGCATATCCCGATCCCG	SPATA18	28505	39903
TGTTGGCTGGAACTCGACGA	COG1	29932	39713
TGTTGTCACGCAACACCTTG	H4C1	36830	46450
TGTTGTCATAAGGTCCAAAG	GALNS	26606	35206
TGTTGTTGGATAACTGAGAA	ICOS	40933	54383
TGTTTCACTGCAAATAAACC	ALG8	21844	32438
TTAAAATTGCTTTGACCCAT	MOGAT1	38430	48711
TTAAAGGCATGGTACAAAGG	ZKSCAN5	23634	31665
TTAACGAACTCGAACGAGCG	NO_SITE_236	21500	30247
TTAAGAAGCTACTTAATGCC	SNAPIN	13003	15505
TTAAGACACAGCCAAACTGA	USP16	35601	56200
TTAATATGTAGTAGCGCGCG	NO_SITE_237	16770	23045
TTAATGACTTGGATCTTCGA	ATXN7L3	23084	31514
TTACACAAGCAGAACCAGCT	JUND	24800	32841
TTACAGTTGAAGATGCCCGG	LDLRAD4	30162	41534
TTACCAAAGTCGGTGAACAG	DMRTB1	20461	25534
TTACCCACAATAGAGACAGA	ASIP	51609	69242
TTACGTATACGTTTCGCGCA	NO_SITE_238	16052	21347
TTACTTGTCTAAATCCACCT	MRPL13	15909	22217
TTAGAGGCTTGAGGAAACCG	RC3H1	20402	26044
TTAGAGTTCACCGACCATGG	VPS51	21769	27137
TTAGGACCAATAAGCGAGAG	GALNT4	15010	18849
TTAGGACCAATAAGCGAGAG	POC1B-GALNT4	15010	18849
TTAGGATGGAAGAACGCTCT	GALNT13	26650	31705
TTAGTGTCGATCGCCGATCG	NO_SITE_239	36510	48011
TTATAAGGGCCATATACACA	DYM	32842	42598
TTATCAACAGCATCACAACT	CHST15	39817	51705
TTATCCATGGATAGGAAACG	SLC17A3	24818	32812
TTATCGCGTGCGTCGAACCA	NO_SITE_240	26107	35148
TTATGACATCAGGAGAACAG	GALNT1	43337	51853
TTATGGAGAGAAAATACCCA	ZNF555	32193	43202
TTATTCGCGCGATACGATTC	NO_SITE_241	12564	17391
TTATTCTTAGGCAATCATGT	XPOT	24857	33337
TTCAAGTCCTGTTAACCCCG	PPIH	34333	48844
TTCAATAAAAGCCTCCACAG	RFX6	39866	52097
TTCACTGCAATGTAATCCTG	RPS5	4326	6585
TTCAGCCCGCCGCTGATCGG	ONE_INTERGENIC_SITE_46	17903	22309
TTCAGGAGTGAAGGCGACAT	HSPA5	1538	2044
TTCATAATGATCCTCATGCA	C1GALT1	29423	30482
TTCATACCTCAAGCGGACAT	VPS26A	21945	26446
TTCATCATCGGTGTGTACTG	SLC2A1	27578	34788
TTCCAAGTCTGGGATTTAGG	ARL1	12374	15062
TTCCCCTCCTAACAACAAGG	RFX6	34132	48016
TTCCCGAGTTCCAAACAGAC	ARL1	23080	28008
TTCCCGGATCAGATGCGTAG	GALNT14	22658	32618
TTCCCTGACACGAACGCATA	ONE_INTERGENIC_SITE_47	27418	35237
TTCCGATGTTCAACGCGAAT	NO_SITE_242	27997	35603
TTCCGCAAAATAGAGCCCCA	CBLB	26224	33952
TTCCGCTGCTCGACACCACG	B3GAT3	27906	39925
TTCCGGCCTTCATCAAACTG	P4HB	30739	38162
TTCCGTTAGTATGCCGTACG	NO_SITE_243	33640	45116
TTCCTCTTTCGGCAAAACAA	STAP1	33690	42228
TTCCTGATAACTATGTGGAC	PIGC	14529	16483
TTCCTGGGAGACTAACATCG	EMC1	27974	43564
TTCCTGGTCATGCACTACAG	MPDU1	26370	40866
TTCGAAGAATCCTCACACTG	GALNT10	44287	54379
TTCGACTGCATAAGACAACA	HAUS4	4315	6666
TTCGCCAAGCCCGTCCAGAG	GALNT6	35747	41403
TTCGCCGAGAAATTTCTCAA	TRIAP1	9382	16137
TTCGGAGTGCTTATGCCAAG	B4GALT5	49906	64165
TTCTAAAAAGGCTGTCACCA	H2BU1	26435	34815
TTCTAAACATGTTAGGAACT	SNX24	24768	31634
TTCTAACTCTGCCTACTACG	INPP5F	43301	52195
TTCTAAGAAGGCTATCACTA	H2BC3	37580	49432
TTCTACACTCGCCGTCCAAG	SRSF10	12685	15198
TTCTAGCCTCTAACAGAGGT	SEC61A1	1668	2483
TTCTGATTCTGAACTAGACA	NUP133	6342	8250
TTCTGGGCAAGTACGAACTG	BLMH	28739	39146
TTCTGTGTCCGGATTAGTGG	PARP2	37807	49870
TTCTTAATGATGGGGAAACC	VPS26A	17898	24514
TTCTTCATCCCGGAGCCGGT	TRADD	19304	24579
TTCTTGTAGGGTGAACACCG	ADAR	20294	25682
TTCTTTCCTCCAGGTCACCA	RPS28	3271	6680
TTGAAACGGAAGGAACGCTG	CAMLG	10703	15210
TTGAAGAGCATGTAGCCCAT	CARM1	22242	29161
TTGAATCCAAGGATAACCCA	DERL1	35050	49000
TTGAATTGAATGTCCTTCAG	SMAD4	33186	40969
TTGACAAAGATGGCATTGTG	GTF3C5	40971	63571
TTGACATCACTACTGCACTC	CAMLG	7623	11518
TTGACGACAAAGCATCACGA	FUCA1	26698	33654
TTGAGCGATGTGTTACAAGC	EXT2	15150	19231
TTGAGTGTATGCACAAATTG	ADAR	37051	51759
TTGATAACAGATTTCTTCTG	SELENOK	23468	28792
TTGATAACAGATTTCTTCTG	SELENOKP1	23468	28792
TTGATAGACTCAATTGTCTG	EIF5B	7566	14211
TTGATTTAATGACTCCTGCA	FAF1	30981	43322
TTGCACAGATCTGGGAGTAT	ATP5F1E	13789	19268
TTGCACAGATCTGGGAGTAT	ATP5F1EP2	13789	19268
TTGCACAGATCTGGGAGTAT	SLMO2-ATP5E	13789	19268
TTGCAGAGAAGCGTTCTACG	NEU3	35604	46249
TTGCGCAATAATGAACGGCA	GALNT14	32638	42874
TTGCGGCCTCGATACGATAT	NO_SITE_244	31905	41651
TTGCTAATGGGAAAACTGAG	CNNM4	28127	38189
TTGGAAAACGAGCCAATGAG	STAG2	29647	27807
TTGGACTAGTCATGAAGGAG	DOLK	20603	30835
TTGGAGGAGATGGATATGCT	ASXL2	35966	51439
TTGGAGGTATACACAAGCGG	EIF3L	26289	33003
TTGGAGTCGCGCGGCGTAAT	NO_SITE_245	32974	43632
TTGGCCTGGTCAAACCACGC	FUCA2	19333	27437
TTGGCGACTTCAATTTGCCA	SSB	8957	12531
TTGGCTACTTCTACGGACAA	MOGS	22552	34493
TTGGCTCAAGACCAATGGAG	GBA	34339	45911
TTGGGATCAATTGGAAAACG	EXT1	29323	38127
TTGGGATTTAACATCCGAGG	PDZD11	23576	29865
TTGGTTTCTTTAATAGGGAA	RPL21	46573	64792
TTGTAATCTGTACAAAATTG	ARL1	48246	62774
TTGTACACTCGACTCGCGAG	NO_SITE_246	34309	44710
TTGTACATGAAATTGGACAT	MBTPS2	21474	31940
TTGTAGCCATACTTCTCATG	GALNT17	34054	45764
TTGTCTATGAACATCTGTGG	NFKB1	26276	36158
TTGTCTCGATTGTTATCGCG	ONE_INTERGENIC_SITE_48	29114	38581
TTGTGAAACTTGTTTCCTGC	TPT1	27410	40542
TTGTGGACAAGGCTTCCGAG	SRBD1	2181	2556
TTGTTACGGACCGCGTCGGA	NO_SITE_247	29455	38696
TTGTTCACAGGTCAGTTTAG	NPM1	28472	45167
TTGTTCAGGCAATCTCAACA	PARP2	35609	48855
TTGTTCGACGCTCCGACGTT	NO_SITE_248	39993	52751
TTTAAAGTAACTCTTACAGG	ICOS	33669	44822
TTTAACACAGTCCAAAAAGC	TIMM9	15942	20301
TTTAACGTGCTGCAGAACTG	PIGB	53269	69846
TTTAAGCCTTATGTAAAGCA	C1GALT1	27974	30424
TTTAAGGAAACGCTATCTTG	ALG11	2640	3582
TTTAGAAAGCAGTTTCACAT	CANX	23292	29133
TTTAGGGGTCGAAGTGACCG	EMC4	24444	34162
TTTCAAACTTACTCTATCAG	PIGF	41712	52966
TTTCAAGAGAGAATGCTCGA	MED24	22619	29838
TTTCACAAGTAATGGGCTAG	REPS1	45555	58474
TTTCCATCGATAACTACCGC	ONE_INTERGENIC_SITE_49	20448	26147
TTTCGATGATTCATTCAGTG	PDIA3	46214	59508
TTTCGCATCCCCATGAGTCT	PIH1D1	22817	27731
TTTCGGTACCTTCGCCCTCG	TPT1	22817	31488
TTTCGTGTCAGATTACACAG	PIGG	32820	42551
TTTCTCGCGTTCGAACGACG	NO_SITE_249	26940	36577
TTTCTGACAAGATGTCAGCG	TTI1	12170	19973
TTTGACCGGTTCGCGACGTA	NO_SITE_250	30929	40834
TTTGATACCTCAAAGTGCAG	EXTL1	22878	30074
TTTGCTCAGAATTCTCGGGG	SRD5A3	21660	31134
TTTGGCAGTCTATTACGGTA	ONE_INTERGENIC_SITE_50	28763	38035
TTTGGGGAACAGGATACCAG	GALNT13	21663	29031
TTTGTAATCTGGAATCTGAG	RLF	27466	31574
TTTGTGATAAATATGCGACC	CNOT6	12530	16645
